original_text,text,character,sentiment,confidence
sylus please lord sylus loveanddeepspace loveanddeepspaceedit sylusloveanddeepspaceedit love deep space new multi banner wedding banner sylus wedding banner,sylus please lord sylus loveanddeepspace loveanddeepspaceedit sylusloveanddeepspaceedit love deep space new multi banner wedding banner sylus wedding banner,Sylus,POSITIVE,0.9963560104370117
need biker sylus loveanddeepspace sylus sylusloveanddeepspace loveanddeepspaceedit sylusedit fyp,need biker sylus loveanddeepspace sylus sylusloveanddeepspace loveanddeepspaceedit sylusedit fyp,Sylus,NEGATIVE,0.9773558378219604
im alive sylus loveanddeepspace loveanddeepspacegame fyp fypviral foryou,im alive sylus loveanddeepspace loveanddeepspacegame fyp fypviral foryou,Sylus,POSITIVE,0.9683400392532349
relax sylus sylusloveanddeepspace sylusedit zayne loveanddeepspace loveanddeepspaceedit booktok darkromance crimsonravenedit capcutedit love deepspace,relax sylus sylusloveanddeepspace sylusedit zayne loveanddeepspace loveanddeepspaceedit booktok darkromance crimsonravenedit capcutedit love deepspace,Sylus,NEGATIVE,0.878800094127655
engaged finally getting married loveanddeepspace sylus sylusloveanddeepspace fyp,engaged finally getting married loveanddeepspace sylus sylusloveanddeepspace fyp,Sylus,NEGATIVE,0.6449013948440552
sylus innocent birdcage part finding nibbles ear freaking hair wayyyyyy loveanddeepspace loveanddeepspaceedit sylusloveanddeepspace sylus sylusedit,sylus innocent birdcage part finding nibbles ear freaking hair wayyyyyy loveanddeepspace loveanddeepspaceedit sylusloveanddeepspace sylus sylusedit,Sylus,POSITIVE,0.855143129825592
gonna cry hard card see loveanddeepspace lads sylus loveanddeepspacesylus,gonna cry hard card see loveanddeepspace lads sylus loveanddeepspacesylus,Sylus,NEGATIVE,0.6309781074523926
sylus 21th birthday kinda nervous scp grandiseiya clairdelalune yt animation xhs loveanddeepspace sylusloveanddeepspace sylusedit fyp,sylus 21th birthday kinda nervous scp grandiseiya clairdelalune yt animation xhs loveanddeepspace sylusloveanddeepspace sylusedit fyp,Sylus,NEGATIVE,0.9806323051452637
im biggest art hater sylus loveanddeepspace sylusmc,im biggest art hater sylus loveanddeepspace sylusmc,Sylus,NEGATIVE,0.992179274559021
still processing trailer dragon getting wedding sylus sylusloveanddeepspace sylusedit loveanddeepspace fyp tiktok lads viral otome otomegame loveanddeepspaceedit foryou trending foryoupage anime,still processing trailer dragon getting wedding sylus sylusloveanddeepspace sylusedit loveanddeepspace fyp tiktok lads viral otome otomegame loveanddeepspaceedit foryou trending foryoupage anime,Sylus,NEGATIVE,0.9802026748657227
say yes without hesitation sylus sylusedit loveanddeepspace loveanddeepspaceedit sylusloveanddeepspace loveanddeepspacesylus loveanddeepspacecharacters otomegame foryou,say yes without hesitation sylus sylusedit loveanddeepspace loveanddeepspaceedit sylusloveanddeepspace loveanddeepspacesylus loveanddeepspacecharacters otomegame foryou,Sylus,POSITIVE,0.8693972229957581
credits xiaohongshu sylus sylusedit loveanddeepspace loveanddeepspaceedit otome cosplay,credits xiaohongshu sylus sylusedit loveanddeepspace loveanddeepspaceedit otome cosplay,Sylus,POSITIVE,0.6029646396636963
sylus mom im married ac millssaudios loveanddeepspace sylusloveanddeepspace sylusedit fyp,sylus mom im married ac millssaudios loveanddeepspace sylusloveanddeepspace sylusedit fyp,Sylus,NEGATIVE,0.9374719858169556
big dragon dreaming us making biscuits im getting much cuteness aggression syluss beautiful sleeping face id stare hours sylus sylusedit sylusloveanddeepspace loveanddeepspacesylus ind lads loveanddeepspace loveanddeepspaceedit edit otome otomegame fy fyp foryoupage viral sleep sleeping caleb zayne rafayel xavier calebloveanddeepspace zayneloveanddeepspace rafayelloveanddeepspace xavierloveanddeepspace,big dragon dreaming us making biscuits im getting much cuteness aggression syluss beautiful sleeping face id stare hours sylus sylusedit sylusloveanddeepspace loveanddeepspacesylus ind lads loveanddeepspace loveanddeepspaceedit edit otome otomegame fy fyp foryoupage viral sleep sleeping caleb zayne rafayel xavier calebloveanddeepspace zayneloveanddeepspace rafayelloveanddeepspace xavierloveanddeepspace,Sylus,NEGATIVE,0.9606284499168396
look guys im getting married loveanddeepspace sylus sylusloveanddeepspace loveanddeepspaceedit sylusedit fyp,look guys im getting married loveanddeepspace sylus sylusloveanddeepspace loveanddeepspaceedit sylusedit fyp,Sylus,NEGATIVE,0.5312970876693726
im love sylus loveanddeepspace sylusedit sylusloveanddeepspaceedit sylusloveanddeepspace otomegame lads fyp pmly nina porbaiz jay smtha rcy luna sugarsparkz xela nova rosie sylus getting lala sy1uvs christine soff lexx,im love sylus loveanddeepspace sylusedit sylusloveanddeepspaceedit sylusloveanddeepspace otomegame lads fyp pmly nina porbaiz jay smtha rcy luna sugarsparkz xela nova rosie sylus getting lala sy1uvs christine soff lexx,Sylus,NEGATIVE,0.8914095759391785
actually crazy loveanddeepspace sylusloveanddeepspace sylus sylusloveanddeepspace sylusedit,actually crazy loveanddeepspace sylusloveanddeepspace sylus sylusloveanddeepspace sylusedit,Sylus,NEGATIVE,0.8000400066375732
lads sylus syluscosplay ladsedit,lads sylus syluscosplay ladsedit,Sylus,NEGATIVE,0.9684236645698547
sylus fans man yk ones im talking fyp loveanddeepspace sylus,sylus fans man yk ones im talking fyp loveanddeepspace sylus,Sylus,NEGATIVE,0.7005263566970825
credit rednote added song bc tooo good sylus sylusloveanddeepspace sylusloveanddeepspaceedit loveanddeepspace sylusedit rednote sylusgirlies viral fyp animetiktok datingsims,credit rednote added song bc tooo good sylus sylusloveanddeepspace sylusloveanddeepspaceedit loveanddeepspace sylusedit rednote sylusgirlies viral fyp animetiktok datingsims,Sylus,POSITIVE,0.8579415678977966
credit xhs guys husband hot yes im delulu man help feel like shouldve used sound mama im love criminal obsessed animation sylus sylusedit sylusloveanddeepspace sylusloveanddeepspaceedit fyp lads syluslads foryou loveanddeepspace,credit xhs guys husband hot yes im delulu man help feel like shouldve used sound mama im love criminal obsessed animation sylus sylusedit sylusloveanddeepspace sylusloveanddeepspaceedit fyp lads syluslads foryou loveanddeepspace,Sylus,NEGATIVE,0.9911409616470337
come mc lets go party loveanddeepspace sylus syluscosplay ladscosplay,come mc lets go party loveanddeepspace sylus syluscosplay ladscosplay,Sylus,NEGATIVE,0.7311300039291382
ac ramis audio sylus loveanddeepspace sylusedit sylusloveanddeepspace sylusloveanddeepspaceedit otomegame lads fyp,ac ramis audio sylus loveanddeepspace sylusedit sylusloveanddeepspace sylusloveanddeepspaceedit otomegame lads fyp,Sylus,NEGATIVE,0.9921344518661499
im feeling good loveanddeepspace loveanddeepspaceedit sylus sylusedit edit otome viral foryou fyp,im feeling good loveanddeepspace loveanddeepspaceedit sylus sylusedit edit otome viral foryou fyp,Sylus,POSITIVE,0.9841611981391907
need miss call loveanddeepspace fyp lnd sylus sylusloveanddeepspace sylusversary,need miss call loveanddeepspace fyp lnd sylus sylusloveanddeepspace sylusversary,Sylus,NEGATIVE,0.9911820888519287
funny sylus lads loveanddeepspace sylusloveanddeepspace sylusedit otomegame,funny sylus lads loveanddeepspace sylusloveanddeepspace sylusedit otomegame,Sylus,POSITIVE,0.9705364108085632
edited fave voicelines cardsso might delulu guys side note tiktok gets banned ill start uploading yt rednote refuse reactivate insta thats easier guys lmk sylus sylusedit sylusloveanddeepspace sylusloveanddeepspaceedit mentality lads fyp foryou core,edited fave voicelines cardsso might delulu guys side note tiktok gets banned ill start uploading yt rednote refuse reactivate insta thats easier guys lmk sylus sylusedit sylusloveanddeepspace sylusloveanddeepspaceedit mentality lads fyp foryou core,Sylus,NEGATIVE,0.9992089867591858
195cm sylusloveanddeepspace loveanddeepspacesylus loveanddeepspaceedit sylus sylusedit handsome fyp,195cm sylusloveanddeepspace loveanddeepspacesylus loveanddeepspaceedit sylus sylusedit handsome fyp,Sylus,POSITIVE,0.7204086184501648
sylus mouth wide open scp peppa pmly ib ssaerals loveanddeepspace loveanddeepspaceedit loveanddeepspacecharacters fyp recommendations sylusloveanddeepspace loveanddeepspacesylus sylusedit,sylus mouth wide open scp peppa pmly ib ssaerals loveanddeepspace loveanddeepspaceedit loveanddeepspacecharacters fyp recommendations sylusloveanddeepspace loveanddeepspacesylus sylusedit,Sylus,NEGATIVE,0.9601381421089172
sylus thoughts beautiful onychinus man scp sylusedit sylusloveanddeepspace loveanddeepspacesylus loveanddeepspace loveanddeepspaceedit,sylus thoughts beautiful onychinus man scp sylusedit sylusloveanddeepspace loveanddeepspacesylus loveanddeepspace loveanddeepspaceedit,Sylus,POSITIVE,0.9618771076202393
sylus hes real ac maxxxinemp3 scp grandiseiya clairdelalune yt loveanddeepspace sylusloveanddeepspace sylusedit fyp,sylus hes real ac maxxxinemp3 scp grandiseiya clairdelalune yt loveanddeepspace sylusloveanddeepspace sylusedit fyp,Sylus,NEGATIVE,0.9654773473739624
sylus hearts live part werent sounds tummy pats original added loveanddeepspace loveanddeepspaceedit sylusloveanddeepspace sylus sylusedit,sylus hearts live part werent sounds tummy pats original added loveanddeepspace loveanddeepspaceedit sylusloveanddeepspace sylus sylusedit,Sylus,NEGATIVE,0.9837030172348022
lets prove right loveanddeepspace sylus sylusloveanddeepspace loveanddeepspaceedit sylusedit fyp,lets prove right loveanddeepspace sylus sylusloveanddeepspace loveanddeepspaceedit sylusedit fyp,Sylus,POSITIVE,0.8060120940208435
sylus im sylussyluseditsylusloveanddeepspacesylusgirlieeditvideostarvspforyouforyoupage,sylus im sylussyluseditsylusloveanddeepspacesylusgirlieeditvideostarvspforyouforyoupage,Sylus,NEGATIVE,0.9782920479774475
oh noo gonna good infold course always comes syluss dragon myth dont think heart ready sylus sylusedit sylusloveanddeepspace loveanddeepspacesylus ind lads loveanddeepspace loveanddeepspaceedit edit otome otomegame fy fyp foryoupage viral wedding marriage bride groom caleb zayne rafayel xavier calebloveanddeepspace zayneloveanddeepspace rafayelloveanddeepspace xavierloveanddeepspace,oh noo gonna good infold course always comes syluss dragon myth dont think heart ready sylus sylusedit sylusloveanddeepspace loveanddeepspacesylus ind lads loveanddeepspace loveanddeepspaceedit edit otome otomegame fy fyp foryoupage viral wedding marriage bride groom caleb zayne rafayel xavier calebloveanddeepspace zayneloveanddeepspace rafayelloveanddeepspace xavierloveanddeepspace,Sylus,NEGATIVE,0.9559744596481323
dont get wrong love beard wanted see cosplay without wish could better tho lol bbno loveanddeepspace lads lnds sylusloveanddeepspace sylus,dont get wrong love beard wanted see cosplay without wish could better tho lol bbno loveanddeepspace lads lnds sylusloveanddeepspace sylus,Sylus,NEGATIVE,0.9747133255004883
scrap edit scp jeannseditz tt pmly nina sylus sylusedit sylusloveanddeepspace loveanddeepspace loveanddeepspaceedit otomegame caleb zayne rafayel xavier foryoupage fyp,scrap edit scp jeannseditz tt pmly nina sylus sylusedit sylusloveanddeepspace loveanddeepspace loveanddeepspaceedit otomegame caleb zayne rafayel xavier foryoupage fyp,Sylus,NEGATIVE,0.9728671312332153
ok whos grandpa spent dollars save video milking clips isnt edit sorry im working trust believe im deleting later bbno loveanddeepspace bbno sylus bbnos,ok whos grandpa spent dollars save video milking clips isnt edit sorry im working trust believe im deleting later bbno loveanddeepspace bbno sylus bbnos,Sylus,NEGATIVE,0.9980008006095886
youre bait sylus sylusedit loveanddeepspace loveanddeepspaceedit sylusloveanddeepspace love deepspace,youre bait sylus sylusedit loveanddeepspace loveanddeepspaceedit sylusloveanddeepspace love deepspace,Sylus,POSITIVE,0.9852017760276794
voice sylus call anything sylus lads sylus fyp foryoupage loveanddeepspace sylusedit loveanddeepspacesylus sylusloveanddeepspace edit videoviral kitten fyppp otomegamer foryoupag,voice sylus call anything sylus lads sylus fyp foryoupage loveanddeepspace sylusedit loveanddeepspacesylus sylusloveanddeepspace edit videoviral kitten fyppp otomegamer foryoupag,Sylus,NEGATIVE,0.9925798773765564
rock sylus loveanddeepspace sylusloveanddeepspace sylus,rock sylus loveanddeepspace sylusloveanddeepspace sylus,Sylus,NEGATIVE,0.8607843518257141
onychinus leader wife sylusloveanddeepspace sylus fanart sylusfans syluslads animate sylusloveanddeepspace manhwa loveanddeepspaceedit sylusedit fyp art anime,onychinus leader wife sylusloveanddeepspace sylus fanart sylusfans syluslads animate sylusloveanddeepspace manhwa loveanddeepspaceedit sylusedit fyp art anime,Sylus,NEGATIVE,0.9725315570831299
thamesmalerose cosplay coser sylus sylusloveanddeepspace loveanddeepspace loveanddeepspacecharacters otomegame cosnatsu,thamesmalerose cosplay coser sylus sylusloveanddeepspace loveanddeepspace loveanddeepspacecharacters otomegame cosnatsu,Sylus,NEGATIVE,0.9568074345588684
want bad side sylus sylusedit loveanddeepspace loveanddeepspaceedit lads ladsedit loveanddeepspacesylus fyp,want bad side sylus sylusedit loveanddeepspace loveanddeepspaceedit lads ladsedit loveanddeepspacesylus fyp,Sylus,NEGATIVE,0.9743251204490662
course bbno sylus cosplay make edit im addicted song scp pmly mine sylus sylusedit loveanddeepspacesylus loveanddeepspace loveanddeepspaceedit loveanddeepspacecharacters sylusloveanddeepspace otomegame fyp,course bbno sylus cosplay make edit im addicted song scp pmly mine sylus sylusedit loveanddeepspacesylus loveanddeepspace loveanddeepspaceedit loveanddeepspacecharacters sylusloveanddeepspace otomegame fyp,Sylus,NEGATIVE,0.9664618968963623
greenscreen loveanddeepspacecharacters loveanddeepspacegame lads sylusloveanddeepspaceedit sylus figure lads fyp,greenscreen loveanddeepspacecharacters loveanddeepspacegame lads sylusloveanddeepspaceedit sylus figure lads fyp,Sylus,NEGATIVE,0.9307950735092163
sylus boooomshakalaka sudden want kitten loveanddeepspace sylusloveanddeepspace sylusfanart sylusedit lads fyp fanart mc mcloveanddeepspace,sylus boooomshakalaka sudden want kitten loveanddeepspace sylusloveanddeepspace sylusfanart sylusedit lads fyp fanart mc mcloveanddeepspace,Sylus,NEGATIVE,0.8905258178710938
trying sigma sylus lads sylus fyp foryoupage loveanddeepspace sylusedit loveanddeepspacesylus sylusloveanddeepspace edit videoviral kitten fyppp otomegamer,trying sigma sylus lads sylus fyp foryoupage loveanddeepspace sylusedit loveanddeepspacesylus sylusloveanddeepspace edit videoviral kitten fyppp otomegamer,Sylus,NEGATIVE,0.9890135526657104
pesona boss sawit sylus sylusloveanddeepspace capcut,pesona boss sawit sylus sylusloveanddeepspace capcut,Sylus,NEGATIVE,0.9963079690933228
dragon sylus ready ship sylus loveanddeepspace lads otomegame plushshop,dragon sylus ready ship sylus loveanddeepspace lads otomegame plushshop,Sylus,POSITIVE,0.543543815612793
finally said entire fandom wanted sylus sylusloveanddeepspace loveanddeepspace,finally said entire fandom wanted sylus sylusloveanddeepspace loveanddeepspace,Sylus,NEGATIVE,0.9450960159301758
syluss birthday wish stuck head forever fact eventhough first time life gets celebrate birthday didnt even make birthday wish made mc sylus always us never souls bound ever since met point forward life always connected strong vulnerable challenges obstacles struggles face together two world ps recommend watching headphones made another sylus birthday edit birthday event story especially part got feels love much last time happy birthday sylus lets meet birthday next year sylus sylusloveanddeepspace sylusloveanddeepspaceedit sylusloveanddeepspaceedits loveanddeepspace lads lnd loveanddeepspaceedit sylusedit sylusedits ladssylus syluslads sylusloveanddeepspace qinche wavetoearth,syluss birthday wish stuck head forever fact eventhough first time life gets celebrate birthday didnt even make birthday wish made mc sylus always us never souls bound ever since met point forward life always connected strong vulnerable challenges obstacles struggles face together two world ps recommend watching headphones made another sylus birthday edit birthday event story especially part got feels love much last time happy birthday sylus lets meet birthday next year sylus sylusloveanddeepspace sylusloveanddeepspaceedit sylusloveanddeepspaceedits loveanddeepspace lads lnd loveanddeepspaceedit sylusedit sylusedits ladssylus syluslads sylusloveanddeepspace qinche wavetoearth,Sylus,NEGATIVE,0.9883503913879395
sylus need sylus content like right scp mine thank syluslnd beautiful dragon sylus clip loveanddeepspace loveanddeepspaceedit sylusloveanddeepspace loveanddeepspacesylus otome sylusedit foryoupag fyp,sylus need sylus content like right scp mine thank syluslnd beautiful dragon sylus clip loveanddeepspace loveanddeepspaceedit sylusloveanddeepspace loveanddeepspacesylus otome sylusedit foryoupag fyp,Sylus,POSITIVE,0.9081112742424011
smirk scp peppaac alkebulanecho1 yt sylus loveanddeepspace sylusedit sylusloveanddeepspace otomegame lads fyp kulosa lovelyyy pmly nina porbaiz,smirk scp peppaac alkebulanecho1 yt sylus loveanddeepspace sylusedit sylusloveanddeepspace otomegame lads fyp kulosa lovelyyy pmly nina porbaiz,Sylus,NEGATIVE,0.9926050901412964
loveanddeepspace fyp sylus sylusloveanddeepspace sylusedit foryoupage otomegame fyp,loveanddeepspace fyp sylus sylusloveanddeepspace sylusedit foryoupage otomegame fyp,Sylus,NEGATIVE,0.9768604040145874
bonnie clyde vibes loveanddeepspace fyp sylus sylusloveanddeepspace sylusedit foryoupage otomegame fyp,bonnie clyde vibes loveanddeepspace fyp sylus sylusloveanddeepspace sylusedit foryoupage otomegame fyp,Sylus,NEGATIVE,0.9038634300231934
sad bish thoughts sunday sylusloveanddeepspaceedit sylusedit sylus ladssylus loveanddeepspacesylus fyp fyp otomegame otome loveanddeepspace lads,sad bish thoughts sunday sylusloveanddeepspaceedit sylusedit sylus ladssylus loveanddeepspacesylus fyp fyp otomegame otome loveanddeepspace lads,Sylus,NEGATIVE,0.9807228446006775
clip video khng phi video sinh nht sylus nh cre video douyin sylus fyp kkilw loveanddeepspace viral tiktok sylusloveanddeepspace sylusbirthday fumiy01nnt,clip video khng phi video sinh nht sylus nh cre video douyin sylus fyp kkilw loveanddeepspace viral tiktok sylusloveanddeepspace sylusbirthday fumiy01nnt,Sylus,NEGATIVE,0.9878953695297241
looks good rednote fyp foryou loveanddeepspace sylus sylusloveanddeepspace lads clarity moots,looks good rednote fyp foryou loveanddeepspace sylus sylusloveanddeepspace lads clarity moots,Sylus,POSITIVE,0.9912019968032837
sylus ver sylus version requested sylusloveanddeepspace loveanddeepspace,sylus ver sylus version requested sylusloveanddeepspace loveanddeepspace,Sylus,NEGATIVE,0.9830901622772217
precious daddy sylus sylus loveanddeepspacecharacters sims4 loveanddeepspace lads,precious daddy sylus sylus loveanddeepspacecharacters sims4 loveanddeepspace lads,Sylus,POSITIVE,0.9618083834648132
okay im obsessed voice yes pulled loveanddeepspace sylus lad valleydream bloom,okay im obsessed voice yes pulled loveanddeepspace sylus lad valleydream bloom,Sylus,POSITIVE,0.9383188486099243
sylusno loveanddeepspace sylus,sylusno loveanddeepspace sylus,Sylus,NEGATIVE,0.9724442958831787
starts giggling mischievously loveanddeepspace sylus sylusloveanddeepspace loveanddeepspaceedit sylusedit fyp,starts giggling mischievously loveanddeepspace sylus sylusloveanddeepspace loveanddeepspaceedit sylusedit fyp,Sylus,POSITIVE,0.9544214606285095
sylus new trailer im screaming hospital ac reavesaudios sylusedit loveanddeepspace loveanddeepspaceedit sylusloveanddeepspace fyp fyp edit trend viral forypupage,sylus new trailer im screaming hospital ac reavesaudios sylusedit loveanddeepspace loveanddeepspaceedit sylusloveanddeepspace fyp fyp edit trend viral forypupage,Sylus,NEGATIVE,0.9937095642089844
loveanddeepspace loveanddeepspaceedit loveanddeepspacecharacters sylus sylusloveanddeepspace sylusedit otomegame otomegames otome visualnovel datingsim donghua chinesegame 3dgame gameedit edit animation goforthehandful fyp viral,loveanddeepspace loveanddeepspaceedit loveanddeepspacecharacters sylus sylusloveanddeepspace sylusedit otomegame otomegames otome visualnovel datingsim donghua chinesegame 3dgame gameedit edit animation goforthehandful fyp viral,Sylus,NEGATIVE,0.9562632441520691
important sylusloveanddeepspace loveanddeepspaceedit loveanddeepspace sylusedit sylus,important sylusloveanddeepspace loveanddeepspaceedit loveanddeepspace sylusedit sylus,Sylus,POSITIVE,0.566230833530426
longhaired sylus sylus fyp loveanddeepspace loveanddeepspaceedit sylusedit,longhaired sylus sylus fyp loveanddeepspace loveanddeepspaceedit sylusedit,Sylus,NEGATIVE,0.8989390730857849
sylus theres many things talk idk start otome otomegames sylusloveanddeepspace loveanddeepspace,sylus theres many things talk idk start otome otomegames sylusloveanddeepspace loveanddeepspace,Sylus,NEGATIVE,0.9689136147499084
minute sylus laughing sylus recent cards events ive hoarded loads sound bytes might make part two scp pmly sylusmemory sylusedits loveanddeepspaceedits sylusfans loveanddeepspaceedit syluslads sylusedit ladssylus sylusloveanddeepspaceedit sylus fyp foryoupage lads otome edit otome3d sylusedits loveanddeepspacecharacters qinche,minute sylus laughing sylus recent cards events ive hoarded loads sound bytes might make part two scp pmly sylusmemory sylusedits loveanddeepspaceedits sylusfans loveanddeepspaceedit syluslads sylusedit ladssylus sylusloveanddeepspaceedit sylus fyp foryoupage lads otome edit otome3d sylusedits loveanddeepspacecharacters qinche,Sylus,NEGATIVE,0.993811845779419
touch sylus loveanddeepspace fyp cosplayer handsome lads loveanddeepspacecharacters 3dgame otomegame loveanddeepspaceversion2,touch sylus loveanddeepspace fyp cosplayer handsome lads loveanddeepspacecharacters 3dgame otomegame loveanddeepspaceversion2,Sylus,POSITIVE,0.9741963744163513
sylus fyp kkilw loveanddeepspace viral tiktok sylusloveanddeepspace fumiy01nnt,sylus fyp kkilw loveanddeepspace viral tiktok sylusloveanddeepspace fumiy01nnt,Sylus,NEGATIVE,0.9907841682434082
loveanddeepspace sylusloveanddeepspace fyp,loveanddeepspace sylusloveanddeepspace fyp,Sylus,NEGATIVE,0.6011541485786438
new playing game following along story line awhile sylus,new playing game following along story line awhile sylus,Sylus,POSITIVE,0.9964026212692261
getting vampire sylus loveanddeepspace sylus sylusloveanddeepspace loveanddeepspaceedit sylusedit fyp,getting vampire sylus loveanddeepspace sylus sylusloveanddeepspace loveanddeepspaceedit sylusedit fyp,Sylus,NEGATIVE,0.9542564749717712
disclaimer copyright infringement intended panels images song ive used credits owners video purely entertainment purpose sylus sylusloveanddeepspace sylusedit viral viralvideo viraltiktok viralvideo fyp foryou foryoupage fy fakesituation syluseditsviral viralvideo viraltiktok viralvideo fyp foryou foryoupage fyfakesituation fakblood fakbody fakbody fakbody sylus loveanddeepspace loveanddeepspaceedit fyp foryourpage sylusloveanddeepspace loveanddeepspace loveanddeepspaceedit viral dc foryoupage blowthisuptiktok fyp aftereffectsedits typ loveanddeepspace sylus sylus sylusloveanddeepspace loveanddeepspacesylus lads ids loveanddeepspacecharacters loveanddeepspace sylusinnocentbirdcage innocentbirdcagesylus manhwatiktokbtoonrecmmendation manhwareccomendation manhwafyp manhw fyp deathistheonlyendingforvillainess manhwatiktok fyp manhwa manhwatiktokbtoonrecmmendation manhwatiktok weebtoon manhwafyp manhwa loveanddeepspace loveanddeepspaceedit,disclaimer copyright infringement intended panels images song ive used credits owners video purely entertainment purpose sylus sylusloveanddeepspace sylusedit viral viralvideo viraltiktok viralvideo fyp foryou foryoupage fy fakesituation syluseditsviral viralvideo viraltiktok viralvideo fyp foryou foryoupage fyfakesituation fakblood fakbody fakbody fakbody sylus loveanddeepspace loveanddeepspaceedit fyp foryourpage sylusloveanddeepspace loveanddeepspace loveanddeepspaceedit viral dc foryoupage blowthisuptiktok fyp aftereffectsedits typ loveanddeepspace sylus sylus sylusloveanddeepspace loveanddeepspacesylus lads ids loveanddeepspacecharacters loveanddeepspace sylusinnocentbirdcage innocentbirdcagesylus manhwatiktokbtoonrecmmendation manhwareccomendation manhwafyp manhw fyp deathistheonlyendingforvillainess manhwatiktok fyp manhwa manhwatiktokbtoonrecmmendation manhwatiktok weebtoon manhwafyp manhwa loveanddeepspace loveanddeepspaceedit,Sylus,NEGATIVE,0.9967235922813416
sylus seeing glasses makes go feral scpluna sylussyluseditsylusloveanddeepspaceloveanddeepspaceforyoufyp,sylus seeing glasses makes go feral scpluna sylussyluseditsylusloveanddeepspaceloveanddeepspaceforyoufyp,Sylus,NEGATIVE,0.9747274518013
obeymesimp loveanddeepspace loveanddeepspaceedit sylus sylusloveanddeepspace otomegame otomegames otome visualnovel datingsim donghua chinesegame 3dgame gameedit edit animation goforthehandful fyp viral,obeymesimp loveanddeepspace loveanddeepspaceedit sylus sylusloveanddeepspace otomegame otomegames otome visualnovel datingsim donghua chinesegame 3dgame gameedit edit animation goforthehandful fyp viral,Sylus,NEGATIVE,0.9760068655014038
saw heaven without ever entering thamesmalerose sylus sylusloveanddeepspace loveanddeepspace loveanddeepspacecharacters otomegame game cosyume cosplay cosplayer,saw heaven without ever entering thamesmalerose sylus sylusloveanddeepspace loveanddeepspace loveanddeepspacecharacters otomegame game cosyume cosplay cosplayer,Sylus,POSITIVE,0.7568745017051697
sylus im floor please ruin life loveanddeepspace sylus lad fyp loveanddeepspacesylus loveanddeepspacecharacters,sylus im floor please ruin life loveanddeepspace sylus lad fyp loveanddeepspacesylus loveanddeepspacecharacters,Sylus,NEGATIVE,0.9967065453529358
feathers charm thats takes lead right want sylus sylusloveanddeepspace sylusedit zayne loveanddeepspace fyp viral loveanddeepspaceedit booktok darkromance viral fyp love deepspace,feathers charm thats takes lead right want sylus sylusloveanddeepspace sylusedit zayne loveanddeepspace fyp viral loveanddeepspaceedit booktok darkromance viral fyp love deepspace,Sylus,POSITIVE,0.9858346581459045
sylus bond midnight stealth loveanddeepspace fyp sylus sylusloveanddeepspace sylusedit fyp otomegame otomegame,sylus bond midnight stealth loveanddeepspace fyp sylus sylusloveanddeepspace sylusedit fyp otomegame otomegame,Sylus,NEGATIVE,0.9833155870437622
look like rest life ladsedits lads sylusloveanddeepspace sylus sylusloveanddeepspaceedit sylusloveanddeepspaceedit sylusgirlies youlookliketherestofmylife,look like rest life ladsedits lads sylusloveanddeepspace sylus sylusloveanddeepspaceedit sylusloveanddeepspaceedit sylusgirlies youlookliketherestofmylife,Sylus,NEGATIVE,0.9884923696517944
sylus happy birthday lovely crownndria scp sylxzgurlx loveanddeepspace loveanddeepspaceedit loveanddeepspacesylus sylusloveanddeepspace sylusedit otome foryoupag fyp,sylus happy birthday lovely crownndria scp sylxzgurlx loveanddeepspace loveanddeepspaceedit loveanddeepspacesylus sylusloveanddeepspace sylusedit otome foryoupag fyp,Sylus,POSITIVE,0.9628170728683472
always telling look good skin isnt perfect sweetie love shareand see much effort make life dream voiceactor sylus loveanddeepspace cosplayer sylusloveanddeepspace,always telling look good skin isnt perfect sweetie love shareand see much effort make life dream voiceactor sylus loveanddeepspace cosplayer sylusloveanddeepspace,Sylus,POSITIVE,0.987377941608429
sylus finds bbno cosplayed sylus sylusedit sylusloveanddeepspace loveanddeepspace loveanddeepspaceedit bbnomoney bbnocosplay syluscosplay,sylus finds bbno cosplayed sylus sylusedit sylusloveanddeepspace loveanddeepspace loveanddeepspaceedit bbnomoney bbnocosplay syluscosplay,Sylus,NEGATIVE,0.6152801513671875
need ac sweetsaudioz sylus loveanddeepspace syluswhereheartslive sylusedit sylusloveanddeepspace sylusloveanddeepspaceedit otomegame fyp lads,need ac sweetsaudioz sylus loveanddeepspace syluswhereheartslive sylusedit sylusloveanddeepspace sylusloveanddeepspaceedit otomegame fyp lads,Sylus,NEGATIVE,0.990591824054718
late sylus bday sorry guys busy sylus sylusloveanddeepspace loveanddeepspace sylusedit loveanddeepspaceedit kittensylus,late sylus bday sorry guys busy sylus sylusloveanddeepspace loveanddeepspace sylusedit loveanddeepspaceedit kittensylus,Sylus,NEGATIVE,0.9955610036849976
wtf bro wearingggggg cant decide hate keep mind ive bought sylus bunch cool fits accessories chooses get instead sylus,wtf bro wearingggggg cant decide hate keep mind ive bought sylus bunch cool fits accessories chooses get instead sylus,Sylus,NEGATIVE,0.9945390820503235
sighhh heres sylus everyone wanted badly loveanddeepspace sylus lads art,sighhh heres sylus everyone wanted badly loveanddeepspace sylus lads art,Sylus,NEGATIVE,0.9974544644355774
twitch niyeko niyeko vtuber vtuberclips twitch twitchclips loveanddeepspace sylus sylusloveanddeepspace,twitch niyeko niyeko vtuber vtuberclips twitch twitchclips loveanddeepspace sylus sylusloveanddeepspace,Sylus,NEGATIVE,0.9684514999389648
new obsession sylusloveanddeepspace loveanddeepspace,new obsession sylusloveanddeepspace loveanddeepspace,Sylus,NEGATIVE,0.8921360373497009
sylus nooooo,sylus nooooo,Sylus,NEGATIVE,0.8987215161323547
sylus,sylus,Sylus,POSITIVE,0.8923389315605164
well scp peppa sylus sylusloveanddeepspace loveanddeepspace loveanddeepspaceedit fyp,well scp peppa sylus sylusloveanddeepspace loveanddeepspace loveanddeepspaceedit fyp,Sylus,POSITIVE,0.7833967804908752
see like sylus edit 7rings arianagrande arianagrandeedits sylus loveanddeepspace loveanddeepspacesylus sylusedit sylusloveanddeepspace loveanddeepspaceedit loveanddeepspacecharacters lnds lnd lds lnds otome otomegame 3dgame mobilegame game viral fy fypage fyp aftereffects alightmotion xyzbca,see like sylus edit 7rings arianagrande arianagrandeedits sylus loveanddeepspace loveanddeepspacesylus sylusedit sylusloveanddeepspace loveanddeepspaceedit loveanddeepspacecharacters lnds lnd lds lnds otome otomegame 3dgame mobilegame game viral fy fypage fyp aftereffects alightmotion xyzbca,Sylus,NEGATIVE,0.9289664626121521
new main story sylus caleb loveanddeepspace kkilw otomegame sylus fyp tiktok xavier rafayel zayne,new main story sylus caleb loveanddeepspace kkilw otomegame sylus fyp tiktok xavier rafayel zayne,Sylus,NEGATIVE,0.6135927438735962
sylusloveanddeepspace sylus loveanddeepspace,sylusloveanddeepspace sylus loveanddeepspace,Sylus,NEGATIVE,0.9366058111190796
life sylus edit sylus sylusloveanddeepspace sylusedit sylusloveanddeepspaceedit,life sylus edit sylus sylusloveanddeepspace sylusedit sylusloveanddeepspaceedit,Sylus,NEGATIVE,0.9694815874099731
think man still stranger us time last year sylus sylusloveanddeepspace sylusedit loveanddeepspace fyp tiktok lads viral otome otomegame loveanddeepspaceedit foryou trending foryoupage anime,think man still stranger us time last year sylus sylusloveanddeepspace sylusedit loveanddeepspace fyp tiktok lads viral otome otomegame loveanddeepspaceedit foryou trending foryoupage anime,Sylus,NEGATIVE,0.9786772727966309
bad boy vibe main story still havent moved sylus loveanddeepspace loveanddeepspaceedit fyp trending viral anime otomegame foryoupage lads foryou tiktok sylusedit sylusloveanddeepspace,bad boy vibe main story still havent moved sylus loveanddeepspace loveanddeepspaceedit fyp trending viral anime otomegame foryoupage lads foryou tiktok sylusedit sylusloveanddeepspace,Sylus,NEGATIVE,0.9971121549606323
sylus lets finish sylus dt syluslnd scp jeannseditz mine ibac old account marcyward loveanddeepspace loveanddeepspaceedit loveanddeepspacesylus sylusloveanddeepspace sylusedit otome foryoupag fyp,sylus lets finish sylus dt syluslnd scp jeannseditz mine ibac old account marcyward loveanddeepspace loveanddeepspaceedit loveanddeepspacesylus sylusloveanddeepspace sylusedit otome foryoupag fyp,Sylus,NEGATIVE,0.985842764377594
first clip perfect loveanddeepspace lnd lads sylus sylusloveanddeepspace,first clip perfect loveanddeepspace lnd lads sylus sylusloveanddeepspace,Sylus,POSITIVE,0.5889830589294434
sylus animation cr rednote guys screaming alsoo eyess teww fineeee loveanddeepspacesylus loveanddeepspacecharacters ladssyluscreatorsearchinsightsloveanddeepspacecharacterseditsyluseditsylusloveanddeepspacefypxyz tags sylusslvt pmly sylus ate heart rosie ivy edits xelatheextracharacter snowstorm alyssa amrynna kf mo nat ra rose rin,sylus animation cr rednote guys screaming alsoo eyess teww fineeee loveanddeepspacesylus loveanddeepspacecharacters ladssyluscreatorsearchinsightsloveanddeepspacecharacterseditsyluseditsylusloveanddeepspacefypxyz tags sylusslvt pmly sylus ate heart rosie ivy edits xelatheextracharacter snowstorm alyssa amrynna kf mo nat ra rose rin,Sylus,NEGATIVE,0.9825405478477478
ate heart ib yuna scp pmlyluna sylus loveanddeepspace sylusloveanddeepspace sylusedit sylusloveanddeepspaceedit otomegame lads fyp moots porbaiz nina sy1uvs smtha lala rcy mari rosie sugarsparkz sycores sylusfav christine kitten sylus getting,ate heart ib yuna scp pmlyluna sylus loveanddeepspace sylusloveanddeepspace sylusedit sylusloveanddeepspaceedit otomegame lads fyp moots porbaiz nina sy1uvs smtha lala rcy mari rosie sugarsparkz sycores sylusfav christine kitten sylus getting,Sylus,NEGATIVE,0.9905133247375488
replying niudancecom sylus sylusloveanddeepspace loveanddeepspace happy birthday sylus,replying niudancecom sylus sylusloveanddeepspace loveanddeepspace happy birthday sylus,Sylus,POSITIVE,0.9751555919647217
ask flower pilus sylus sylusloveanddeepspace loveanddeepspace fyp capcut,ask flower pilus sylus sylusloveanddeepspace loveanddeepspace fyp capcut,Sylus,NEGATIVE,0.9667164087295532
im crying didnt get defense zone card loveanddeepspace sylus sylusloveanddeepspace loveanddeepspaceedit sylusedit fyp,im crying didnt get defense zone card loveanddeepspace sylus sylusloveanddeepspace loveanddeepspaceedit sylusedit fyp,Sylus,NEGATIVE,0.9899358153343201
boyfriend sylus version sylus loveanddeepspace loveanddeepspacesylus fyp,boyfriend sylus version sylus loveanddeepspace loveanddeepspacesylus fyp,Sylus,NEGATIVE,0.8007287979125977
mess weird shit loveandeepspace loveanddeepspaceedit loveanddeepspace sylusloveanddeepspace sylus weird fyp fyp otomegame,mess weird shit loveandeepspace loveanddeepspaceedit loveanddeepspace sylusloveanddeepspace sylus weird fyp fyp otomegame,Sylus,NEGATIVE,0.9868155121803284
sylus needy card way doesnt really want mcs plan time lmao loveanddeepspace loveanddeepspacecharacters sylus sylusedit syluscosplay otomegame fypage fyp foryou foryoupage fypviral cai sylusloveanddeepspace loveanddeepspaceedit syluseditloveanddeepspace capcut,sylus needy card way doesnt really want mcs plan time lmao loveanddeepspace loveanddeepspacecharacters sylus sylusedit syluscosplay otomegame fypage fyp foryou foryoupage fypviral cai sylusloveanddeepspace loveanddeepspaceedit syluseditloveanddeepspace capcut,Sylus,NEGATIVE,0.9966173768043518
shout bestie kat reminding edit sylus brought older version available fyp loveanddeepspace sylus loveanddeepspaceedit sylusloveanddeepspace sylusloveanddeepspace,shout bestie kat reminding edit sylus brought older version available fyp loveanddeepspace sylus loveanddeepspaceedit sylusloveanddeepspace sylusloveanddeepspace,Sylus,NEGATIVE,0.9264747500419617
sylus lost oasis part loveanddeepspace loveanddeepspaceedit sylusloveanddeepspace sylusedit sylus,sylus lost oasis part loveanddeepspace loveanddeepspaceedit sylusloveanddeepspace sylusedit sylus,Sylus,NEGATIVE,0.9877586960792542
sylus radiant brilliance illusion loveanddeepspace fyp sylus sylusloveanddeepspace sylusedit foryoupage fyp otomegame,sylus radiant brilliance illusion loveanddeepspace fyp sylus sylusloveanddeepspace sylusedit foryoupage fyp otomegame,Sylus,POSITIVE,0.9927716851234436
sylus joining trend capcut sylus loveanddeepspace lad,sylus joining trend capcut sylus loveanddeepspace lad,Sylus,NEGATIVE,0.9644724130630493
sylus version also requested sylus loveanddeepspace sylusedit sylusloveanddeepspace loveanddeepspaceedit fyp scp amrynna transition ib sylnax dts sylusslvt alls sofi rcy syluste junleb,sylus version also requested sylus loveanddeepspace sylusedit sylusloveanddeepspace loveanddeepspaceedit fyp scp amrynna transition ib sylnax dts sylusslvt alls sofi rcy syluste junleb,Sylus,NEGATIVE,0.9910032749176025
sylus says im gullible fr loveanddeepspace sylus sylusloveanddeepspace loveanddeepspaceedit sylusedit fyp,sylus says im gullible fr loveanddeepspace sylus sylusloveanddeepspace loveanddeepspaceedit sylusedit fyp,Sylus,NEGATIVE,0.9822416305541992
live sylus lmao also dragon li reference pretty sweet sylus sylusedit sylusloveanddeepspace loveanddeepspacesylus lads loveanddeepspace loveanddeepspaceedit edit otome otomegame fy fyp foryoupage viral,live sylus lmao also dragon li reference pretty sweet sylus sylusedit sylusloveanddeepspace loveanddeepspacesylus lads loveanddeepspace loveanddeepspaceedit edit otome otomegame fy fyp foryoupage viral,Sylus,NEGATIVE,0.8202369809150696
morning loveanddeepspace sylus sylusloveanddeepspace fanart,morning loveanddeepspace sylus sylusloveanddeepspace fanart,Sylus,POSITIVE,0.8978540301322937
havent seen mannnnnnnnnnnnnnnnn grahhhh loveanddeepspace otomegame viral loveanddeepspaceedit fypage loveanddeepspacecharacters loveanddeepspacesylus loveanddeepspacesylusedit sylus sylusedit sylusloveanddeepspace sylusloveanddeepspaceedit,havent seen mannnnnnnnnnnnnnnnn grahhhh loveanddeepspace otomegame viral loveanddeepspaceedit fypage loveanddeepspacecharacters loveanddeepspacesylus loveanddeepspacesylusedit sylus sylusedit sylusloveanddeepspace sylusloveanddeepspaceedit,Sylus,NEGATIVE,0.9580182433128357
sylus fypkkilw loveanddeepspace viral tiktok sylusloveanddeepspace fumiy01nnt,sylus fypkkilw loveanddeepspace viral tiktok sylusloveanddeepspace fumiy01nnt,Sylus,NEGATIVE,0.9900272488594055
guys believe year ago today trailer released loveanddeepspace sylus sylusloveanddeepspace loveanddeepspaceedit sylusedit fyp,guys believe year ago today trailer released loveanddeepspace sylus sylusloveanddeepspace loveanddeepspaceedit sylusedit fyp,Sylus,NEGATIVE,0.9511332511901855
yes sylus sylusloveanddeepspace loveanddeepspacesylus loveanddeepspace lads loveanddeepspacecharacters otome otomegame loveanddeepspaceedit,yes sylus sylusloveanddeepspace loveanddeepspacesylus loveanddeepspace lads loveanddeepspacecharacters otome otomegame loveanddeepspaceedit,Sylus,NEGATIVE,0.9496611952781677
crime make midnight warmth visual memory sylusloveanddeepspace sylus sylusedit loveanddeepspace loveanddeepspaceedit edit fyp,crime make midnight warmth visual memory sylusloveanddeepspace sylus sylusedit loveanddeepspace loveanddeepspaceedit edit fyp,Sylus,POSITIVE,0.9420303702354431
sylus radiant brilliance loveanddeepspace fyp sylus sylusloveanddeepspace sylusedit foryoupage otomegame fyp,sylus radiant brilliance loveanddeepspace fyp sylus sylusloveanddeepspace sylusedit foryoupage otomegame fyp,Sylus,POSITIVE,0.9901798963546753
sylus hear cone enemy sylusloveanddeepspace loveanddeepspace foryoupage,sylus hear cone enemy sylusloveanddeepspace loveanddeepspace foryoupage,Sylus,NEGATIVE,0.9799124598503113
sylus fyp kkilw loveanddeepspace viral tiktok sylusloveanddeepspace fumiy01nnt,sylus fyp kkilw loveanddeepspace viral tiktok sylusloveanddeepspace fumiy01nnt,Sylus,NEGATIVE,0.9907841682434082
sylus sylus girlies lads loveanddeepspace sylus sylusloveanddeepspace otome fyp fyp foryoupage,sylus sylus girlies lads loveanddeepspace sylus sylusloveanddeepspace otome fyp fyp foryoupage,Sylus,NEGATIVE,0.9836341142654419
quality time sylus sylusloveanddeepspace loveanddeepspace sylus lnd lads,quality time sylus sylusloveanddeepspace loveanddeepspace sylus lnd lads,Sylus,NEGATIVE,0.7820130586624146
sylus sitting car interestingly guess goes joyride bug clip cto xhs sylus sylusloveanddeepspace loveanddeepspacesylus ind lads loveanddeepspace loveanddeepspaceedit edit otome otomegame fy fyp foryoupage car driving bug,sylus sitting car interestingly guess goes joyride bug clip cto xhs sylus sylusloveanddeepspace loveanddeepspacesylus ind lads loveanddeepspace loveanddeepspaceedit edit otome otomegame fy fyp foryoupage car driving bug,Sylus,NEGATIVE,0.9938855767250061
always first love sylus sylusloveanddeepspace sylusedit loveanddeepspace fyp,always first love sylus sylusloveanddeepspace sylusedit loveanddeepspace fyp,Sylus,NEGATIVE,0.8067699074745178
mannequin sylus sylusedit loveanddeepspace loveanddeepspaceedit loveanddeepspacesylus aquamarine gimmiemore loveanddeepspacecharacters fyp fyp fyp fypviral foryoupage fypage love deepspace wasgood ac qxangellliczmp3,mannequin sylus sylusedit loveanddeepspace loveanddeepspaceedit loveanddeepspacesylus aquamarine gimmiemore loveanddeepspacecharacters fyp fyp fyp fypviral foryoupage fypage love deepspace wasgood ac qxangellliczmp3,Sylus,NEGATIVE,0.8994988203048706
radiant brilliance spoilers sylus gonna put boxing ring next game love deepspace loveanddeepspace lads loveanddeepspacegame loveanddeepspaceedit otomegame sylus loveanddeepspacegameplay sylusloveanddeepspace loveanddeepspacecharacters loveanddeepspacesylus,radiant brilliance spoilers sylus gonna put boxing ring next game love deepspace loveanddeepspace lads loveanddeepspacegame loveanddeepspaceedit otomegame sylus loveanddeepspacegameplay sylusloveanddeepspace loveanddeepspacecharacters loveanddeepspacesylus,Sylus,POSITIVE,0.9984595775604248
hello look dragon omg designers said took hours construction months planning design cr owners vid loveanddeepspace sylusloveanddeepspace event fyp,hello look dragon omg designers said took hours construction months planning design cr owners vid loveanddeepspace sylusloveanddeepspace event fyp,Sylus,NEGATIVE,0.9916681051254272
sylus grassland romance loveanddeepspace fyp sylus sylusloveanddeepspace sylusedit fyp foryoupage otomegame,sylus grassland romance loveanddeepspace fyp sylus sylusloveanddeepspace sylusedit fyp foryoupage otomegame,Sylus,NEGATIVE,0.9883320927619934
still cute totally see references myth dress knowing sylus likes go made bit disappointed since feel lacking loveanddeepspace loveanddeepspaceedit loveanddeepspacecharacters sylusloveanddeepspace sylus sylusedit otome otomegame fy fyy fyp fypp foryou foryoupage foryourpage fypage fypviral fyp fypviral fypviral fypage fyyyyyyyyyyyyyyyy fyppppppppppppppppppppppp xyzbca xyzcba,still cute totally see references myth dress knowing sylus likes go made bit disappointed since feel lacking loveanddeepspace loveanddeepspaceedit loveanddeepspacecharacters sylusloveanddeepspace sylus sylusedit otome otomegame fy fyy fyp fypp foryou foryoupage foryourpage fypage fypviral fyp fypviral fypviral fypage fyyyyyyyyyyyyyyyy fyppppppppppppppppppppppp xyzbca xyzcba,Sylus,NEGATIVE,0.9771839380264282
taking full advantage glitches loveanddeepspace sylus sylusedit trend sylusloveanddeepspace glitch glitches loveanddeepspacecharacters,taking full advantage glitches loveanddeepspace sylus sylusedit trend sylusloveanddeepspace glitch glitches loveanddeepspacecharacters,Sylus,NEGATIVE,0.9761557579040527
apologize advance sylus girlies fyp viralvideo loveanddeepspacesylus sylusedit sylus loveanddeepspace videostar vspedit,apologize advance sylus girlies fyp viralvideo loveanddeepspacesylus sylusedit sylus loveanddeepspace videostar vspedit,Sylus,NEGATIVE,0.9941463470458984
ready loveanddeepspace sylus,ready loveanddeepspace sylus,Sylus,POSITIVE,0.9905394315719604
sylusmc current love story progress got tearyeyed editing sylusloveanddeepspace loveanddeepspacesylus sylus,sylusmc current love story progress got tearyeyed editing sylusloveanddeepspace loveanddeepspacesylus sylus,Sylus,NEGATIVE,0.7866925597190857
yes lads loveanddeepspace sylus sylusloveanddeepspace greenscreen,yes lads loveanddeepspace sylus sylusloveanddeepspace greenscreen,Sylus,NEGATIVE,0.8705494999885559
jujur malu bgt krna yang laen pada print yg bagus gua print meme sylus loveanddeepspace lads chatime sylus,jujur malu bgt krna yang laen pada print yg bagus gua print meme sylus loveanddeepspace lads chatime sylus,Sylus,NEGATIVE,0.9877914190292358
sylus fyp kkilw loveanddeepspace viral tiktok sylusloveanddeepspace fumiy01nnt,sylus fyp kkilw loveanddeepspace viral tiktok sylusloveanddeepspace fumiy01nnt,Sylus,NEGATIVE,0.9907841682434082
leader onychinus ib katerinastrada fanart sylus lndsea loveanddeepspace loveanddeepspacefanart,leader onychinus ib katerinastrada fanart sylus lndsea loveanddeepspace loveanddeepspacefanart,Sylus,NEGATIVE,0.6613251566886902
million loveanddeepspace loveanddeepspacecosplay sylus sylusloveanddeepspace syluscosplay sylusedit cosplay qinche lads,million loveanddeepspace loveanddeepspacecosplay sylus sylusloveanddeepspace syluscosplay sylusedit cosplay qinche lads,Sylus,NEGATIVE,0.816920280456543
trying resonate mc finally giving sylus loveanddeepspace fyp,trying resonate mc finally giving sylus loveanddeepspace fyp,Sylus,POSITIVE,0.9898734092712402
sylus plays colours mc look time sylus loveanddeepspace fyp handsome lads otomegame,sylus plays colours mc look time sylus loveanddeepspace fyp handsome lads otomegame,Sylus,NEGATIVE,0.7829239964485168
spring full swing wild corvids actively searching nesting materials mefisto feeling quite romantic days soon ill busy helping many wild birds every year sponsor various crow protection programs unfortunately japan power company workers often destroy nests even pose threat power lines result many chicks left orphaned even killed farmers also cruel habit hanging crows upside feet scare others away peanut crop fields leads slow painful death illegal many people dont care personally drive around season rescuing many birds thankfully cousin friends also help mission enclosure mefisto birds usually meals mainly used wild birds spring six 2x2 meters mefisto actually lives inside house eats bathes space hope day mefistos popularity help people realize intelligent fascinating ravens truly birdsoftiktok corvid crows crowcore funnybirds mephisto lads sylus sylusloveanddeepspace,spring full swing wild corvids actively searching nesting materials mefisto feeling quite romantic days soon ill busy helping many wild birds every year sponsor various crow protection programs unfortunately japan power company workers often destroy nests even pose threat power lines result many chicks left orphaned even killed farmers also cruel habit hanging crows upside feet scare others away peanut crop fields leads slow painful death illegal many people dont care personally drive around season rescuing many birds thankfully cousin friends also help mission enclosure mefisto birds usually meals mainly used wild birds spring six 2x2 meters mefisto actually lives inside house eats bathes space hope day mefistos popularity help people realize intelligent fascinating ravens truly birdsoftiktok corvid crows crowcore funnybirds mephisto lads sylus sylusloveanddeepspace,Sylus,NEGATIVE,0.9881625771522522
welcome back tik tokfypviral fyp trending funny viraltiktok ts mad difficult,welcome back tik tokfypviral fyp trending funny viraltiktok ts mad difficult,Sylus,POSITIVE,0.991764485836029
busy today time got home already late couldnt record video mephisto choosing winner ravens grace giveaway ill post video tomorrow,busy today time got home already late couldnt record video mephisto choosing winner ravens grace giveaway ill post video tomorrow,Sylus,NEGATIVE,0.9976946711540222
see manipulated whitehaired redeyed dragon leave thats right want loveanddeepspace fyp lnd sylus sylusloveanddeepspace sylusversary,see manipulated whitehaired redeyed dragon leave thats right want loveanddeepspace fyp lnd sylus sylusloveanddeepspace sylusversary,Sylus,NEGATIVE,0.9700315594673157
sylus yall damn wedding nat sylus getting azalea vazquez fyp sylus sylusloveanddeepspace sylusedit loveanddeepspacesylus lads,sylus yall damn wedding nat sylus getting azalea vazquez fyp sylus sylusloveanddeepspace sylusedit loveanddeepspacesylus lads,Sylus,NEGATIVE,0.910381555557251
boy cre sylus sylusloveanddeepspace mmd fyppppppppppppppppppppppp loveanddeepspace,boy cre sylus sylusloveanddeepspace mmd fyppppppppppppppppppppppp loveanddeepspace,Sylus,NEGATIVE,0.9901258945465088
sylus thank tt fixing quality sylusedit loveanddeepspace ladsedit sylusloveanddeepspace fyp foryou,sylus thank tt fixing quality sylusedit loveanddeepspace ladsedit sylusloveanddeepspace fyp foryou,Sylus,NEGATIVE,0.6197580099105835
rapper bbno cosplays mobile game character sylus love deepspace friends festival performing festivals day headliner vtuber ironmouse bbno loveanddeepspace cosplay ironmouse vtuber,rapper bbno cosplays mobile game character sylus love deepspace friends festival performing festivals day headliner vtuber ironmouse bbno loveanddeepspace cosplay ironmouse vtuber,Sylus,NEGATIVE,0.5059940814971924
estoy muy emocionada por este banner sylus sylusloveanddeepspaceedit loveanddeepspace creator otomegame fiction weddingvibes fypp foryoupage,estoy muy emocionada por este banner sylus sylusloveanddeepspaceedit loveanddeepspace creator otomegame fiction weddingvibes fypp foryoupage,Sylus,NEGATIVE,0.9428420662879944
sylus loveanddeepspace sylusloveanddeepspace loveanddeepspacesylus lads sylusedit edit fyp,sylus loveanddeepspace sylusloveanddeepspace loveanddeepspacesylus lads sylusedit edit fyp,Sylus,NEGATIVE,0.9515718221664429
sylus sylus sylusloveanddeepspace loveanddeepspace loveanddeepspacesylus fyp,sylus sylus sylusloveanddeepspace loveanddeepspace loveanddeepspacesylus fyp,Sylus,NEGATIVE,0.5068365931510925
wedding banner sylus loveanddeepspace lads sylusloveanddeepspace sylusedit fyp fyp viral trend trending,wedding banner sylus loveanddeepspace lads sylusloveanddeepspace sylusedit fyp fyp viral trend trending,Sylus,NEGATIVE,0.9779046773910522
bro hes sylus loveanddeepspace sylus loveanddeepspacesylus lads fyp viral capcut,bro hes sylus loveanddeepspace sylus loveanddeepspacesylus lads fyp viral capcut,Sylus,NEGATIVE,0.9829644560813904
puts girl time outbut mommy sylus sylusloveanddeepspace loveanddeepspace fanart lads fyp fyp mc,puts girl time outbut mommy sylus sylusloveanddeepspace loveanddeepspace fanart lads fyp fyp mc,Sylus,NEGATIVE,0.9340046048164368
sylus oh need wooffff tysm 5k mwah scp jeannseditz sylussylusloveanddeepspaceloveanddeepspaceladssyluseditsylusgirlieeditvideostarvspforyouforyoupage,sylus oh need wooffff tysm 5k mwah scp jeannseditz sylussylusloveanddeepspaceloveanddeepspaceladssyluseditsylusgirlieeditvideostarvspforyouforyoupage,Sylus,NEGATIVE,0.987165629863739
went trance sylus took sylusloveanddeepspace loveanddeepspace sylus,went trance sylus took sylusloveanddeepspace loveanddeepspace sylus,Sylus,NEGATIVE,0.9725040793418884
thats like sylus loveanddeepspace fyp lads sylusloveanddeepspace syluscosplay,thats like sylus loveanddeepspace fyp lads sylusloveanddeepspace syluscosplay,Sylus,NEGATIVE,0.9618908762931824
something lil different sylus loveanddeepspace,something lil different sylus loveanddeepspace,Sylus,POSITIVE,0.9656569957733154
akimitsu fyp sylus sylus loveanddeepspace fyp cosplayer handsome lads loveanddeepspacecharacters 3dgame otomegame viral darkfantasy loveanddeepspaceversion2,akimitsu fyp sylus sylus loveanddeepspace fyp cosplayer handsome lads loveanddeepspacecharacters 3dgame otomegame viral darkfantasy loveanddeepspaceversion2,Sylus,NEGATIVE,0.9518287777900696
interview sylus sylus texture creator making come back texture creators first started journey cancelled using copy righted pngs however unfair since avatar creators went unpunished kind touch upon meme vrc vrchat vrchatgame vrchatcommunity,interview sylus sylus texture creator making come back texture creators first started journey cancelled using copy righted pngs however unfair since avatar creators went unpunished kind touch upon meme vrc vrchat vrchatgame vrchatcommunity,Sylus,NEGATIVE,0.9981287121772766
sylus valleydream bloom part current favorite memory hes sweetie loveanddeepspace loveanddeepspaceedit sylusloveanddeepspace sylus sylusedit,sylus valleydream bloom part current favorite memory hes sweetie loveanddeepspace loveanddeepspaceedit sylusloveanddeepspace sylus sylusedit,Sylus,POSITIVE,0.9019906520843506
sylus fyp kkilw loveanddeepspace viral tiktok sylusloveanddeepspace fumiy01nnt,sylus fyp kkilw loveanddeepspace viral tiktok sylusloveanddeepspace fumiy01nnt,Sylus,NEGATIVE,0.9907841682434082
aku nikah dulu sylus sylusloveanddeepspace loveanddeepspace otomegame,aku nikah dulu sylus sylusloveanddeepspace loveanddeepspace otomegame,Sylus,NEGATIVE,0.9548674821853638
trm ngc lovesylus fyp kkilw loveanddeepspace viral tiktok sylusloveanddeepspace sylusbirthday fumiy01nnt,trm ngc lovesylus fyp kkilw loveanddeepspace viral tiktok sylusloveanddeepspace sylusbirthday fumiy01nnt,Sylus,NEGATIVE,0.9893226027488708
sylus girls new sound someone says choose sylus beauty wealth throw video persons face fyp sylusloveanddeepspace sylusedit loveanddeepspacecharacters infoldgames loveanddeepspace lads otomegame otome sylus,sylus girls new sound someone says choose sylus beauty wealth throw video persons face fyp sylusloveanddeepspace sylusedit loveanddeepspacecharacters infoldgames loveanddeepspace lads otomegame otome sylus,Sylus,NEGATIVE,0.9825257062911987
sylus hand loveanddeepspace loveanddeepspaceedit sylusloveanddeepspace sylus sylusedit,sylus hand loveanddeepspace loveanddeepspaceedit sylusloveanddeepspace sylus sylusedit,Sylus,NEGATIVE,0.9631805419921875
sylus fyp kkilw loveanddeepspace viral tiktok sylusloveanddeepspace sylusbirthday fumiy01nnt,sylus fyp kkilw loveanddeepspace viral tiktok sylusloveanddeepspace sylusbirthday fumiy01nnt,Sylus,NEGATIVE,0.9928047060966492
sylus want make mini dragons loveanddeepspace loveanddeepspaceedit sylusloveanddeepspace sylus rafayelloveanddeepspace xavierloveanddeepspace zayneloveanddeepspace,sylus want make mini dragons loveanddeepspace loveanddeepspaceedit sylusloveanddeepspace sylus rafayelloveanddeepspace xavierloveanddeepspace zayneloveanddeepspace,Sylus,NEGATIVE,0.7459607124328613
sylus omgi read new chapters im love sylus cant existtttttloveanddeepspaceedit syluseditsylusloveanddeepspace ladscreatorsearchinsightsotomegamesloveanddeepspacesylusfypviralvideosylussylusloveanddeepspace soup sylusslvt lady onychinus rosie ivy edits jay alyssa sylus ate heart syleb69 jessica kf luna mo nat pmly rose snowstorm,sylus omgi read new chapters im love sylus cant existtttttloveanddeepspaceedit syluseditsylusloveanddeepspace ladscreatorsearchinsightsotomegamesloveanddeepspacesylusfypviralvideosylussylusloveanddeepspace soup sylusslvt lady onychinus rosie ivy edits jay alyssa sylus ate heart syleb69 jessica kf luna mo nat pmly rose snowstorm,Sylus,NEGATIVE,0.982298731803894
spoiler alert cant mc daddy sylus loveanddeepspacecharacters loveanddeepspaceedit loveanddeepspace loveanddeepspacesylus sylusloveanddeepspace sylus sylusedit,spoiler alert cant mc daddy sylus loveanddeepspacecharacters loveanddeepspaceedit loveanddeepspace loveanddeepspacesylus sylusloveanddeepspace sylus sylusedit,Sylus,NEGATIVE,0.7297598719596863
sylus sylus sylusloveanddeepspace loveanddeepspace loveanddeepspaceedit lads fy fypage edit,sylus sylus sylusloveanddeepspace loveanddeepspace loveanddeepspaceedit lads fy fypage edit,Sylus,NEGATIVE,0.7456057071685791
expression sylus shows mc sylus loveanddeepspace,expression sylus shows mc sylus loveanddeepspace,Sylus,NEGATIVE,0.8252103924751282
wedding banner sparked edits claiming sylus girl dad agree still working name tho future posts sylusloveanddeepspace loveanddeepspacesylus loveanddeepspace sylusedit loveanddeepspaceedit sylus foryoupage fyp arttrend,wedding banner sparked edits claiming sylus girl dad agree still working name tho future posts sylusloveanddeepspace loveanddeepspacesylus loveanddeepspace sylusedit loveanddeepspaceedit sylus foryoupage fyp arttrend,Sylus,POSITIVE,0.8139667510986328
kfbdojdje let dream please need spicy sylus dreams pull atp sylus loveanddeepspace sylusloveanddeepspace loveanddeepspacesylus,kfbdojdje let dream please need spicy sylus dreams pull atp sylus loveanddeepspace sylusloveanddeepspace loveanddeepspacesylus,Sylus,POSITIVE,0.792033314704895
shes done sylus sylus loveanddeepspace sylusloveanddeepspace loveanddeepspaceedit otomegame fyp glintphotobooth dragonsylus sylusmyth,shes done sylus sylus loveanddeepspace sylusloveanddeepspace loveanddeepspaceedit otomegame fyp glintphotobooth dragonsylus sylusmyth,Sylus,NEGATIVE,0.9526863098144531
currently obsessed song bbno scp peppa loveandeepspace loveanddeepspaceedit lads fyp rec sylus sylusedit sylusloveanddeepspace loveanddeepspacesylus lnd,currently obsessed song bbno scp peppa loveandeepspace loveanddeepspaceedit lads fyp rec sylus sylusedit sylusloveanddeepspace loveanddeepspacesylus lnd,Sylus,NEGATIVE,0.9880501627922058
sylus cant help sylusedit sylusloveanddeepspace sylusloveanddeepspaceedit loveqnddeepspace ladssylusedit fyp foryou,sylus cant help sylusedit sylusloveanddeepspace sylusloveanddeepspaceedit loveqnddeepspace ladssylusedit fyp foryou,Sylus,NEGATIVE,0.9906700849533081
anime expo loveanddeepspaceedit loveanddeepspace fyp fyp sylus sylusedit syluscosplay,anime expo loveanddeepspaceedit loveanddeepspace fyp fyp sylus sylusedit syluscosplay,Sylus,NEGATIVE,0.9506432414054871
oh missed main story sylus cantntntn whole arc barely keeping together around loveanddeepspace loveanddeepspaceedit sylus loveanddeepspacesylus loveanddeepspacemc qinche,oh missed main story sylus cantntntn whole arc barely keeping together around loveanddeepspace loveanddeepspaceedit sylus loveanddeepspacesylus loveanddeepspacemc qinche,Sylus,NEGATIVE,0.9984655380249023
welcome back illusion sylus loveanddeepspace sylusedit sylusloveanddeepspaceedit fyp foryou foryoupage oto otomegame 4u alightmotion xyzbca loveanddeepspaceedit videoedit wedding weddingbanner love deepspace anyway thanks infold gift,welcome back illusion sylus loveanddeepspace sylusedit sylusloveanddeepspaceedit fyp foryou foryoupage oto otomegame 4u alightmotion xyzbca loveanddeepspaceedit videoedit wedding weddingbanner love deepspace anyway thanks infold gift,Sylus,POSITIVE,0.9927839040756226
heart spotted yet sylus idea execution suck coloring someone teach pls loveanddeepspace sylusloveanddeepspace mc sylusedit lad capcut drawing art digitalart ilustracion,heart spotted yet sylus idea execution suck coloring someone teach pls loveanddeepspace sylusloveanddeepspace mc sylusedit lad capcut drawing art digitalart ilustracion,Sylus,NEGATIVE,0.9944585561752319
young sylus progress sylus sylusfanart loveanddeepspace loveanddeepspacefanart sylusloveanddeepspace,young sylus progress sylus sylusfanart loveanddeepspace loveanddeepspacefanart sylusloveanddeepspace,Sylus,POSITIVE,0.7823888063430786
sylus want card imprinted onto back eyelids see every time close eyes scp peppa sylusedit sylusloveanddeepspace loveanddeepspace loveanddeepspaceedit lnd lads,sylus want card imprinted onto back eyelids see every time close eyes scp peppa sylusedit sylusloveanddeepspace loveanddeepspace loveanddeepspaceedit lnd lads,Sylus,NEGATIVE,0.7888500690460205
sylus knows spent dias fishy dont dias get married loveanddeepspace loveanddeepspacesylus sylus sylusloveanddeepspace,sylus knows spent dias fishy dont dias get married loveanddeepspace loveanddeepspacesylus sylus sylusloveanddeepspace,Sylus,NEGATIVE,0.7877914309501648
like mc didnt hold back said loveanddeepspace sylus sylusloveanddeepspace loveanddeepspaceedit sylusedit fyp,like mc didnt hold back said loveanddeepspace sylus sylusloveanddeepspace loveanddeepspaceedit sylusedit fyp,Sylus,NEGATIVE,0.9346194863319397
stop hot loveanddeepspaceedit sylusloveanddeepspace sylusedit gaming otomegame loveanddeepspacecharacters,stop hot loveanddeepspaceedit sylusloveanddeepspace sylusedit gaming otomegame loveanddeepspacecharacters,Sylus,NEGATIVE,0.9928579330444336
yes maybe want say thank 12k im shocked crazy guys good day good luck future banners loveanddeepspace sylusedit sylus sylusloveanddeepspace,yes maybe want say thank 12k im shocked crazy guys good day good luck future banners loveanddeepspace sylusedit sylus sylusloveanddeepspace,Sylus,POSITIVE,0.7699729800224304
type loveanddeepspace sylusloveanddeepspace calebloveanddeepspace loveanddeepspaceedit loveanddeepspacegame sylus caleb loveanddeepspacefan lads ladsedits,type loveanddeepspace sylusloveanddeepspace calebloveanddeepspace loveanddeepspaceedit loveanddeepspacegame sylus caleb loveanddeepspacefan lads ladsedits,Sylus,NEGATIVE,0.9220741987228394
fyp loveanddeepspace sylus sylusloveanddeepspace loveanddeepspaceedit,fyp loveanddeepspace sylus sylusloveanddeepspace loveanddeepspaceedit,Sylus,NEGATIVE,0.9564558863639832
oh sylus sylus syluscosplay sylusloveanddeepspace loveanddeepspace loveanddeepspacecosplay,oh sylus sylus syluscosplay sylusloveanddeepspace loveanddeepspace loveanddeepspacecosplay,Sylus,NEGATIVE,0.7398154735565186
adorable sylus loveanddeepspce fyp,adorable sylus loveanddeepspce fyp,Sylus,POSITIVE,0.9956939220428467
sylus missed towel edits scp pmly peppa loveanddeepspace loveanddeepspaceedit loveanddeepspacecharacters fyp recommendations sylusloveanddeepspace sylusedit loveanddeepspacesylus,sylus missed towel edits scp pmly peppa loveanddeepspace loveanddeepspaceedit loveanddeepspacecharacters fyp recommendations sylusloveanddeepspace sylusedit loveanddeepspacesylus,Sylus,NEGATIVE,0.9848213791847229
n109 zone sylus sylusloveanddeepspace loveanddeepspace thamesmalerose tigs fyp fyp fypviral foryourpage,n109 zone sylus sylusloveanddeepspace loveanddeepspace thamesmalerose tigs fyp fyp fypviral foryourpage,Sylus,NEGATIVE,0.9774901270866394
sylus love trend ib aerasvre sylusloveanddeepspace sylusedit loveanddeepspace fyp foryou,sylus love trend ib aerasvre sylusloveanddeepspace sylusedit loveanddeepspace fyp foryou,Sylus,NEGATIVE,0.8503583073616028
sylus grrr want grr lol linkon fashion brand ft sylus edit stuck head get system hope enjoy loveanddeepspaceedit lads fyp loveanddeepspace sylusedit sylus sylusloveanddeepspace dameungrr,sylus grrr want grr lol linkon fashion brand ft sylus edit stuck head get system hope enjoy loveanddeepspaceedit lads fyp loveanddeepspace sylusedit sylus sylusloveanddeepspace dameungrr,Sylus,NEGATIVE,0.9429497122764587
cannot ignore sylus loveanddeepspace loveanddeepspacecharacters otomegame fyp viral viral trending sylusloveanddeepspaceedit sylusloveanddeepspace sylusedits sylusloveanddeepspace,cannot ignore sylus loveanddeepspace loveanddeepspacecharacters otomegame fyp viral viral trending sylusloveanddeepspaceedit sylusloveanddeepspace sylusedits sylusloveanddeepspace,Sylus,NEGATIVE,0.9446247816085815
last sylus vid cuz clock app hating sylus loveanddeepspace,last sylus vid cuz clock app hating sylus loveanddeepspace,Sylus,NEGATIVE,0.995458722114563
sylus cant help falling love im officially married sylus call mrs shin sylusloveanddeepspace loveanddeepspace lndsea,sylus cant help falling love im officially married sylus call mrs shin sylusloveanddeepspace loveanddeepspace lndsea,Sylus,NEGATIVE,0.9581083059310913
sylus sylusedit sylusloveanddeepspace sylusgirlies,sylus sylusedit sylusloveanddeepspace sylusgirlies,Sylus,NEGATIVE,0.9845148324966431
part sylus myth beyond cloudfall cutscenes part want listen driving working cooking etc still keep whats happening story cant upload whole video exceeds 1hour mark split two parts dont like parts know guys understand loveanddeepspacecharactersedit loveanddeepspacecharacters reverseharem otomegame loveanddeepspace sylus rafayel xavier zayne caleb sylusedit lads otomegames sylusmyth readaloud,part sylus myth beyond cloudfall cutscenes part want listen driving working cooking etc still keep whats happening story cant upload whole video exceeds 1hour mark split two parts dont like parts know guys understand loveanddeepspacecharactersedit loveanddeepspacecharacters reverseharem otomegame loveanddeepspace sylus rafayel xavier zayne caleb sylusedit lads otomegames sylusmyth readaloud,Sylus,NEGATIVE,0.9586673974990845
hopefully articulated thoughts dress well kept going back like genuinely annoyed dress looks like tried articulate thoughts best could sylus loveanddeepspace sylusloveanddeepspace loveanddeepspacesylus greenscreen,hopefully articulated thoughts dress well kept going back like genuinely annoyed dress looks like tried articulate thoughts best could sylus loveanddeepspace sylusloveanddeepspace loveanddeepspacesylus greenscreen,Sylus,NEGATIVE,0.973189115524292
cant wait banner tell shook xx sylus im coming bride sylus syluslads ladssylus sylusedit loveanddeepspace j3llykitten,cant wait banner tell shook xx sylus im coming bride sylus syluslads ladssylus sylusedit loveanddeepspace j3llykitten,Sylus,NEGATIVE,0.9132235050201416
sylus pakistan watch full vlog youtube roomi sylus sylusloveanddeepspace kakashi kakshihatake publicreaction vira fyp foryou foryoupage trend trending naruto anime,sylus pakistan watch full vlog youtube roomi sylus sylusloveanddeepspace kakashi kakshihatake publicreaction vira fyp foryou foryoupage trend trending naruto anime,Sylus,NEGATIVE,0.9838244915008545
kitten loveanddeepspace lnd lads sylusloveanddeepspace sylus,kitten loveanddeepspace lnd lads sylusloveanddeepspace sylus,Sylus,POSITIVE,0.7546805739402771
sylus sylusloveanddeepspace loveanddeepspace loveanddeepspacegame fyp foryou fypviral,sylus sylusloveanddeepspace loveanddeepspace loveanddeepspacegame fyp foryou fypviral,Sylus,NEGATIVE,0.7083677053451538
meowww im married guys yall pls come wedding thx loveanddeepspace otomegame viral loveanddeepspaceedit fypage loveanddeepspacecharacters loveanddeepspacesylus loveanddeepspacesylusedit sylus sylusedit sylusloveanddeepspace sylusloveanddeepspaceedit,meowww im married guys yall pls come wedding thx loveanddeepspace otomegame viral loveanddeepspaceedit fypage loveanddeepspacecharacters loveanddeepspacesylus loveanddeepspacesylusedit sylus sylusedit sylusloveanddeepspace sylusloveanddeepspaceedit,Sylus,NEGATIVE,0.7844606637954712
syluss birthday month everyone fellow malaysian sylus girlies within klang valley theres photo frame birthday event happening right photo ace celebrate big boss went photobace utama outlet also check pavilion bukit jalil event period 12th 27th april sylus girly mains fast missed freebies giving also pro tip youre booth save syluss frame template phone reference youre snapping photos real time frame wont test poses beforehand anything pretty much eye balled mine birthday frame automatically added selected poses want print michelle helping capture everything tags loveanddeepspace lndsea sylus sylusedit lads lnd otome otomegame qinche shin jinwoon sylusloveanddeepspace loveanddeepspaceedit sylusbirthday loveanddeepspacesylus hbd hbdsylus,syluss birthday month everyone fellow malaysian sylus girlies within klang valley theres photo frame birthday event happening right photo ace celebrate big boss went photobace utama outlet also check pavilion bukit jalil event period 12th 27th april sylus girly mains fast missed freebies giving also pro tip youre booth save syluss frame template phone reference youre snapping photos real time frame wont test poses beforehand anything pretty much eye balled mine birthday frame automatically added selected poses want print michelle helping capture everything tags loveanddeepspace lndsea sylus sylusedit lads lnd otome otomegame qinche shin jinwoon sylusloveanddeepspace loveanddeepspaceedit sylusbirthday loveanddeepspacesylus hbd hbdsylus,Sylus,NEGATIVE,0.9764397144317627
im tired pretending im normal loveanddeepspacesylus loveanddeepspace lads sylus sylusloveanddeepspace onichynus n109zone syluslads fyp foryou fypviral fyp fypage fypage foryoupage xyzbca,im tired pretending im normal loveanddeepspacesylus loveanddeepspace lads sylus sylusloveanddeepspace onichynus n109zone syluslads fyp foryou fypviral fyp fypage fypage foryoupage xyzbca,Sylus,NEGATIVE,0.9947899580001831
sylus fyp hottie,sylus fyp hottie,Sylus,POSITIVE,0.9055367112159729
egyptiantrend doesnt seem yet hope like look egyptiantiktok egyptiandance anubis anubiscosplay egypt,egyptiantrend doesnt seem yet hope like look egyptiantiktok egyptiandance anubis anubiscosplay egypt,Sylus,NEGATIVE,0.7556862831115723
hurts every time rewatch previous chapters sylus sylusedit loveanddeepspaceeditsylus loveanddeepspaceedit loveanddeepspacesylus,hurts every time rewatch previous chapters sylus sylusedit loveanddeepspaceeditsylus loveanddeepspaceedit loveanddeepspacesylus,Sylus,NEGATIVE,0.997804582118988
sassy eng hate serve lethal face card loveanddeepspace sylusloveanddeepspace sylus lads syluslads lnd fyp loveanddeepspaceedit teamwork,sassy eng hate serve lethal face card loveanddeepspace sylusloveanddeepspace sylus lads syluslads lnd fyp loveanddeepspaceedit teamwork,Sylus,NEGATIVE,0.9762400388717651
sylus cr,sylus cr,Sylus,NEGATIVE,0.9654862284660339
sassy man apocalypse fr loveanddeepspace loveanddeepspacecosplay sylus sylusloveanddeepspace syluscosplay sylusedit cosplay qinche lads,sassy man apocalypse fr loveanddeepspace loveanddeepspacecosplay sylus sylusloveanddeepspace syluscosplay sylusedit cosplay qinche lads,Sylus,NEGATIVE,0.9714590311050415
let call sylusloveanddeepspace sylusedit,let call sylusloveanddeepspace sylusedit,Sylus,NEGATIVE,0.9930517673492432
loveanddeepspacesylus loveanddeepspace sylus loveanddeepspaceedit fyp syluscosplay,loveanddeepspacesylus loveanddeepspace sylus loveanddeepspaceedit fyp syluscosplay,Sylus,POSITIVE,0.6505254507064819
loveanddeepspace invite real crow shoot cosplay sylus game cool handsome coser fypviral,loveanddeepspace invite real crow shoot cosplay sylus game cool handsome coser fypviral,Sylus,POSITIVE,0.9403231739997864
sylus plays colours mc look time sylus loveanddeepspace fyp handsome lads otomegame,sylus plays colours mc look time sylus loveanddeepspace fyp handsome lads otomegame,Sylus,NEGATIVE,0.7829239964485168
capcut,capcut,Sylus,NEGATIVE,0.9986733198165894
capcut,capcut,Sylus,NEGATIVE,0.9986733198165894
sylus loveanddeepspace capcut,sylus loveanddeepspace capcut,Sylus,NEGATIVE,0.9885426759719849
ssshhh sylus sylusloveanddeepspace loveanddeepspace loveanddeepspaceedit loveanddeepspacecharacters fyp cr gokaizen,ssshhh sylus sylusloveanddeepspace loveanddeepspace loveanddeepspaceedit loveanddeepspacecharacters fyp cr gokaizen,Sylus,NEGATIVE,0.8843532800674438
loveanddeepspace sylus cosplay cosplayer fyp,loveanddeepspace sylus cosplay cosplayer fyp,Sylus,NEGATIVE,0.7655155062675476
sylusloveanddeepspace loveanddeepspaceedit sylus sylusedit syluscosplay fyp,sylusloveanddeepspace loveanddeepspaceedit sylus sylusedit syluscosplay fyp,Sylus,NEGATIVE,0.9690631628036499
loveanddeepspace sylus sylusedit syluscosplay loveanddeepspaceedit fyp animeexpo,loveanddeepspace sylus sylusedit syluscosplay loveanddeepspaceedit fyp animeexpo,Sylus,NEGATIVE,0.9231176376342773
father son loveanddeepspacesylus loveanddeepspacedit loveanddeepspace sylus sylusedit,father son loveanddeepspacesylus loveanddeepspacedit loveanddeepspace sylus sylusedit,Sylus,POSITIVE,0.6604233980178833
sylus sylusloveanddeepspace loveanddeepspace,sylus sylusloveanddeepspace loveanddeepspace,Sylus,NEGATIVE,0.615733802318573
happy late bday pookie sylus loveanddeepspace sylusbirthday chinaa fyp chinatiktok internationalstudent birthday hangzhou,happy late bday pookie sylus loveanddeepspace sylusbirthday chinaa fyp chinatiktok internationalstudent birthday hangzhou,Sylus,POSITIVE,0.9587522149085999
saw sylus mall seemed lostloveanddeepspace cosplay cosplayer sylus foryoupage handsome foryou fyp,saw sylus mall seemed lostloveanddeepspace cosplay cosplayer sylus foryoupage handsome foryou fyp,Sylus,NEGATIVE,0.9991927742958069
husband sylus qinche loveanddeepspacelove deepspace,husband sylus qinche loveanddeepspacelove deepspace,Sylus,NEGATIVE,0.9195170402526855
mephisto trust loveandeepspacegame qinche sylusloveanddeepspace sylus loveanddeepspace,mephisto trust loveandeepspacegame qinche sylusloveanddeepspace sylus loveanddeepspace,Sylus,POSITIVE,0.5235292315483093
195cm sylus editing loveanddeepspace sylus cosplayer handsome fyp fyp sylusedit,195cm sylus editing loveanddeepspace sylus cosplayer handsome fyp fyp sylusedit,Sylus,NEGATIVE,0.9816962480545044
loveanddeepspace loveanddeepspaceedit loveanddeepspacesylus loveanddeepspacexavier xavier sylus sylusedit cosplay anime handsome fyp,loveanddeepspace loveanddeepspaceedit loveanddeepspacesylus loveanddeepspacexavier xavier sylus sylusedit cosplay anime handsome fyp,Sylus,POSITIVE,0.8897031545639038
wyyyyy cre xhs rq qinche tntrit sylus loveanddeepspace,wyyyyy cre xhs rq qinche tntrit sylus loveanddeepspace,Sylus,NEGATIVE,0.9825658798217773
yoonjeonghan seventeen kangminhee cravity felix leeyongbok leefelixyongbok straykids skz beomgyu choibeomgyu tomorrowxtogether txt kimheechel heechul superjunior sj suju kimjinwoo winner,yoonjeonghan seventeen kangminhee cravity felix leeyongbok leefelixyongbok straykids skz beomgyu choibeomgyu tomorrowxtogether txt kimheechel heechul superjunior sj suju kimjinwoo winner,Sylus,NEGATIVE,0.8492597341537476
case forgot hot battles loveanddeepspace sylus loveanddeepspaceedit,case forgot hot battles loveanddeepspace sylus loveanddeepspaceedit,Sylus,NEGATIVE,0.9769212603569031
ai,ai,Sylus,NEGATIVE,0.998572587966919
want dokomi back dragonsyluscosplay sylusmyth dokomi syluscosplay ladscosplay,want dokomi back dragonsyluscosplay sylusmyth dokomi syluscosplay ladscosplay,Sylus,NEGATIVE,0.995261013507843
sylus happy birthday sylus beloved dragon singer love sylusloveanddeepspace loveanddeepspace loveanddeepspaceedit qinche birthday birhtdayboy fypage foryou,sylus happy birthday sylus beloved dragon singer love sylusloveanddeepspace loveanddeepspace loveanddeepspaceedit qinche birthday birhtdayboy fypage foryou,Sylus,POSITIVE,0.9821162223815918
loveanddeepspace fyp loveanddeepspaceedit sylus sylusedit,loveanddeepspace fyp loveanddeepspaceedit sylus sylusedit,Sylus,NEGATIVE,0.8285804986953735
em th ly anh cho khi thy anh tht lotntnkhitontntiuhinqxxqinxiaoxian,em th ly anh cho khi thy anh tht lotntnkhitontntiuhinqxxqinxiaoxian,Sylus,NEGATIVE,0.9751601815223694
million loveanddeepspace loveanddeepspacecosplay sylus sylusloveanddeepspace syluscosplay sylusedit cosplay qinche lads,million loveanddeepspace loveanddeepspacecosplay sylus sylusloveanddeepspace syluscosplay sylusedit cosplay qinche lads,Sylus,NEGATIVE,0.816920280456543
cos,cos,Sylus,POSITIVE,0.7744841575622559
si lu lm ri mi thy li cnh ngi sn bay ntn tntiuhin tntiuhin laotan lotn qinxiaoxian victorqin tnkhiton qxxbyg bachnguyetquangcuatantieuhien ducvanxa cvnx ducvannamdoan ducvannuhai hacuuhoa dngculangcthditrquarterinninghttntiuhindngculangchumctdaisy,si lu lm ri mi thy li cnh ngi sn bay ntn tntiuhin tntiuhin laotan lotn qinxiaoxian victorqin tnkhiton qxxbyg bachnguyetquangcuatantieuhien ducvanxa cvnx ducvannamdoan ducvannuhai hacuuhoa dngculangcthditrquarterinninghttntiuhindngculangchumctdaisy,Sylus,NEGATIVE,0.9820950627326965
ty nam xng lotn tnkhiton tntiuhin qxx qxx qinxiaoxian,ty nam xng lotn tnkhiton tntiuhin qxx qxx qinxiaoxian,Sylus,NEGATIVE,0.9715482592582703
lm ci tr na vy tntiuhin tntiuhin laotan lotn qinxiaoxian victorqin tnkhiton qxxbyg bachnguyetquangcuatantieuhien ducvanxa cvnx ducvannamdoan ducvannuhai hacuuhoa dngculangcthditrquarterinninghttntiuhindngculangchumctdaisy,lm ci tr na vy tntiuhin tntiuhin laotan lotn qinxiaoxian victorqin tnkhiton qxxbyg bachnguyetquangcuatantieuhien ducvanxa cvnx ducvannamdoan ducvannuhai hacuuhoa dngculangcthditrquarterinninghttntiuhindngculangchumctdaisy,Sylus,NEGATIVE,0.9803865551948547
xinche douyin update junhyuk zai polarix zai junhyuk xinche starlightboys kpop kpopfyp,xinche douyin update junhyuk zai polarix zai junhyuk xinche starlightboys kpop kpopfyp,Sylus,NEGATIVE,0.9375020265579224
manifesting girls especially rafayel girlies get pulls june loveanddeepspaceladsrafayelzaynexavierxaviersyluscalebotome,manifesting girls especially rafayel girlies get pulls june loveanddeepspaceladsrafayelzaynexavierxaviersyluscalebotome,Sylus,NEGATIVE,0.6550907492637634
dorama doramachins shortplay,dorama doramachins shortplay,Sylus,NEGATIVE,0.9800193309783936
capcut,capcut,Sylus,NEGATIVE,0.9986733198165894
xinche polarix china polarixofficial,xinche polarix china polarixofficial,Sylus,NEGATIVE,0.5815988183021545
195cm sylusloveanddeepspace loveanddeepspacesylus loveanddeepspaceedit sylus sylusedit handsome fyp,195cm sylusloveanddeepspace loveanddeepspacesylus loveanddeepspaceedit sylus sylusedit handsome fyp,Sylus,POSITIVE,0.7204086184501648
story baby needs heard mother choose stand speak tiktokrerefugere cant believe cruelty happened heartbreaking think gone forever never back home mom baby angel pain scare heaven continue demand justice dont want see happen never met everyone heart love baby,story baby needs heard mother choose stand speak tiktokrerefugere cant believe cruelty happened heartbreaking think gone forever never back home mom baby angel pain scare heaven continue demand justice dont want see happen never met everyone heart love baby,Sylus,NEGATIVE,0.9703590273857117
fyp fy forgetyounot,fyp fy forgetyounot,Sylus,NEGATIVE,0.9768276214599609
guy thinks hes xinche polarix kpop kpopfyp fyp,guy thinks hes xinche polarix kpop kpopfyp fyp,Sylus,NEGATIVE,0.9943713545799255
mika fyp sylus sylus loveanddeepspace fyp cosplayer handsome lads loveanddeepspacecharacters 3dgame otomegame viral darkfantasy loveanddeepspaceversion2,mika fyp sylus sylus loveanddeepspace fyp cosplayer handsome lads loveanddeepspacecharacters 3dgame otomegame viral darkfantasy loveanddeepspaceversion2,Sylus,NEGATIVE,0.9540281295776367
replying lea cant tag everyone hope helpful really need sylus qinche loveanddeepspace love deepspace,replying lea cant tag everyone hope helpful really need sylus qinche loveanddeepspace love deepspace,Sylus,NEGATIVE,0.8856345415115356
nhiu ngi chi trn knh ca tn nhng ngi chi trong clip ny ngi mnh thy nhiu clip nht quan trng chi hay nht tnh cm nht ting ny gip thanh ca tn ln khng hm nay tui phi hi tn ngi hm hm guzheng qinyin wazheng ntranh tnm xuhuong fyp viral trending,nhiu ngi chi trn knh ca tn nhng ngi chi trong clip ny ngi mnh thy nhiu clip nht quan trng chi hay nht tnh cm nht ting ny gip thanh ca tn ln khng hm nay tui phi hi tn ngi hm hm guzheng qinyin wazheng ntranh tnm xuhuong fyp viral trending,Sylus,NEGATIVE,0.9908884763717651
xinche true embodiment love happiness human form xinche polarix,xinche true embodiment love happiness human form xinche polarix,Sylus,POSITIVE,0.9982340335845947
sylus loveanddeepspace,sylus loveanddeepspace,Sylus,NEGATIVE,0.8429579138755798
tonks507213 cos sylus cosplay 3d n109,tonks507213 cos sylus cosplay 3d n109,Sylus,NEGATIVE,0.9686684608459473
anh hai hin gi hn ri ti anh nh ngh ngi sng hm sau li bnh vin thay thuc ch phi nm vin lun nh hm trc na nh tranh th lm nhim gi sau chy dn anh cng ku mi ngi gng gi gn sc kho nha f4 tritthanh lnghicc tinhthinngoi douyin cover xuhuong xh,anh hai hin gi hn ri ti anh nh ngh ngi sng hm sau li bnh vin thay thuc ch phi nm vin lun nh hm trc na nh tranh th lm nhim gi sau chy dn anh cng ku mi ngi gng gi gn sc kho nha f4 tritthanh lnghicc tinhthinngoi douyin cover xuhuong xh,Sylus,NEGATIVE,0.9891461133956909
xinche duanxingxing polarix,xinche duanxingxing polarix,Sylus,POSITIVE,0.5959934592247009
akimitsu fyp sylus sylus loveanddeepspace fyp cosplayer handsome lads loveanddeepspacecharacters 3dgame otomegame viral darkfantasy loveanddeepspaceversion2,akimitsu fyp sylus sylus loveanddeepspace fyp cosplayer handsome lads loveanddeepspacecharacters 3dgame otomegame viral darkfantasy loveanddeepspaceversion2,Sylus,NEGATIVE,0.9518287777900696
im wearing platform shoes swear sylus syluscosplay syluscosplayer cos loveanddeepspace sylusloveanddeepspace chinesecosplayer fy fyp,im wearing platform shoes swear sylus syluscosplay syluscosplayer cos loveanddeepspace sylusloveanddeepspace chinesecosplayer fy fyp,Sylus,NEGATIVE,0.9882986545562744
perfect night starlightboys xinche fyp,perfect night starlightboys xinche fyp,Sylus,POSITIVE,0.9994507431983948
dont save repeat save playing kitten loveanddeepspace sylus fyppppppppppppppppp sylusloveanddeepspace otomegame sylusedit,dont save repeat save playing kitten loveanddeepspace sylus fyppppppppppppppppp sylusloveanddeepspace otomegame sylusedit,Sylus,NEGATIVE,0.9969684481620789
like xinche chineseboy face fyppppppppppppppppppppppp,like xinche chineseboy face fyppppppppppppppppppppppp,Sylus,NEGATIVE,0.9851377010345459
peaceful day n109 zone sylus thames kitten sylus loveanddeepspace thamesmalerose syluscosplay cosplayer,peaceful day n109 zone sylus thames kitten sylus loveanddeepspace thamesmalerose syluscosplay cosplayer,Sylus,NEGATIVE,0.8531716465950012
sylus sylus loveanddeepspace fyp fyp cosplayer handsome lads loveanddeepspacecharacters 3dgame otomegame viral darkfantasy loveanddeepspaceversion2,sylus sylus loveanddeepspace fyp fyp cosplayer handsome lads loveanddeepspacecharacters 3dgame otomegame viral darkfantasy loveanddeepspaceversion2,Sylus,NEGATIVE,0.9668774008750916
195cm man loveanddeepspace sylus loveanddeepspaceedit loveanddeepspacesylus sylusedit handsome man cosplay xuhong foryoupage fyp,195cm man loveanddeepspace sylus loveanddeepspaceedit loveanddeepspacesylus sylusedit handsome man cosplay xuhong foryoupage fyp,Sylus,POSITIVE,0.6729868054389954
bros taller sylus cos bchdrn sylus sylusloveanddeepspace loveanddeepspace cos douyin xuhoung xhs fyp xybca tallguy hot,bros taller sylus cos bchdrn sylus sylusloveanddeepspace loveanddeepspace cos douyin xuhoung xhs fyp xybca tallguy hot,Sylus,NEGATIVE,0.8636351227760315
joyruqo skincare tiktokshopcrossborderseasales tiktokshophappybigday,joyruqo skincare tiktokshopcrossborderseasales tiktokshophappybigday,Sylus,NEGATIVE,0.9878299832344055
sylus found kitten good thing youre okay cre sylus sylusbirthday sylusloveanddeepspace loveanddeepspace sylusmytype mytypesylus,sylus found kitten good thing youre okay cre sylus sylusbirthday sylusloveanddeepspace loveanddeepspace sylusmytype mytypesylus,Sylus,NEGATIVE,0.8955214023590088
rafayel joining trend recently trend pretty hype cr xhs shenxinghui xavier zayne lishen rafayel qiyu loveanddeepspace sylus sylusloveanddeepspace qinche rafayelloveanddeepspace loveanddeepspaceedit loveanddeepspacecharacters loveanddeepspacerafayel,rafayel joining trend recently trend pretty hype cr xhs shenxinghui xavier zayne lishen rafayel qiyu loveanddeepspace sylus sylusloveanddeepspace qinche rafayelloveanddeepspace loveanddeepspaceedit loveanddeepspacecharacters loveanddeepspacerafayel,Sylus,POSITIVE,0.7533857822418213
sylus ver sylus girlies scp jeannseditz zaylusep loveanddeepspace sylusloveanddeepspaceedit sylusloveanddeepspace sylusedit sylus qinche otome game zvynes aftereffects ae,sylus ver sylus girlies scp jeannseditz zaylusep loveanddeepspace sylusloveanddeepspaceedit sylusloveanddeepspace sylusedit sylus qinche otome game zvynes aftereffects ae,Sylus,NEGATIVE,0.9879657626152039
x3 visual vuonghacde dylanwang wanghedi tantieuhien qinxiaoxian laotan dankienthu tanjianci ruanshizhuer,x3 visual vuonghacde dylanwang wanghedi tantieuhien qinxiaoxian laotan dankienthu tanjianci ruanshizhuer,Sylus,NEGATIVE,0.832647979259491
fyp shortdrama lovestory playlet shortplay shortfilm chinesedrama,fyp shortdrama lovestory playlet shortplay shortfilm chinesedrama,Sylus,POSITIVE,0.9345257878303528
loveanddeepspace lnd lads cosplayer cosplay sylusloveanddeepspace shin qinche sylus jinwoon,loveanddeepspace lnd lads cosplayer cosplay sylusloveanddeepspace shin qinche sylus jinwoon,Sylus,NEGATIVE,0.9468334317207336
ganamos nosotros tendremos por lejos la mejor noche de ao nuevo lads loveanddeepspace xavier rafayel sylus zayne,ganamos nosotros tendremos por lejos la mejor noche de ao nuevo lads loveanddeepspace xavier rafayel sylus zayne,Sylus,NEGATIVE,0.8423558473587036
makeup caleb sylus loveanddeepspaceloveanddeepspacesplayer handsome lads loveanddeepspacecharacters 3dgame otomegame mika,makeup caleb sylus loveanddeepspaceloveanddeepspacesplayer handsome lads loveanddeepspacecharacters 3dgame otomegame mika,Sylus,NEGATIVE,0.9317064881324768
onychinus leader vs dad sylus way voice tones changed funny syluswhereheartslive sylus loveanddeepspace sylusloveanddeepspace fyppppppppppppppppp zyxcba,onychinus leader vs dad sylus way voice tones changed funny syluswhereheartslive sylus loveanddeepspace sylusloveanddeepspace fyppppppppppppppppp zyxcba,Sylus,POSITIVE,0.6905452013015747
sylus taking metro find douyin xhs name across platforms sylus syluscosplay syluscosplayer cos loveanddeepspace sylusloveanddeepspace chinesecosplayer fy fyp,sylus taking metro find douyin xhs name across platforms sylus syluscosplay syluscosplayer cos loveanddeepspace sylusloveanddeepspace chinesecosplayer fy fyp,Sylus,NEGATIVE,0.929422914981842
im melting sylus qinche qincheloveanddeepspace sylusloveanddeepspace loveanddeepspace xybza fyp,im melting sylus qinche qincheloveanddeepspace sylusloveanddeepspace loveanddeepspace xybza fyp,Sylus,NEGATIVE,0.9651960730552673
loveanddeepspace loveanddeepspacecharacters sylusfans,loveanddeepspace loveanddeepspacecharacters sylusfans,Sylus,POSITIVE,0.9678831100463867
xinche china chineseboy fyp,xinche china chineseboy fyp,Sylus,NEGATIVE,0.8812352418899536
loveanddeepspace rafayelloveanddeepspace xavierloveanddeepspace zayneloveanddeepspace sylusloveanddeepspace qiyu shenxinghui lishen qinche fyp fyp xyzbca,loveanddeepspace rafayelloveanddeepspace xavierloveanddeepspace zayneloveanddeepspace sylusloveanddeepspace qiyu shenxinghui lishen qinche fyp fyp xyzbca,Sylus,NEGATIVE,0.7581060528755188
zayne sylus loveanddeepspace cosplayer sylus zayne fyp,zayne sylus loveanddeepspace cosplayer sylus zayne fyp,Sylus,NEGATIVE,0.6616414785385132
sylus pov ac imjaecare loveanddeepspace loveanddeepspaceth sylus sylusloveanddeepspace qinche fyp fyp foryourpage,sylus pov ac imjaecare loveanddeepspace loveanddeepspaceth sylus sylusloveanddeepspace qinche fyp fyp foryourpage,Sylus,NEGATIVE,0.972485363483429
sylus loveanddeepspace sylusloveanddeepspace cosplay,sylus loveanddeepspace sylusloveanddeepspace cosplay,Sylus,NEGATIVE,0.951694905757904
inspired lilith aka younglingslayer3000 loveanddeepspace xavier rafayel zayne sylus sylusabysmsovereign fyp,inspired lilith aka younglingslayer3000 loveanddeepspace xavier rafayel zayne sylus sylusabysmsovereign fyp,Sylus,NEGATIVE,0.9140496850013733
anime expo loveanddeepspace cosplayer fyp fyp sylus zayne,anime expo loveanddeepspace cosplayer fyp fyp sylus zayne,Sylus,NEGATIVE,0.939720869064331
sylus myths literally broke im bawling eyes pure grief im dissociating pain rn sylusmyth sylus loveanddeepspace sylusedit sylusloveanddeepspace fyp xyzbca fyppppppppppppppppppppppp fyp softsylus,sylus myths literally broke im bawling eyes pure grief im dissociating pain rn sylusmyth sylus loveanddeepspace sylusedit sylusloveanddeepspace fyp xyzbca fyppppppppppppppppppppppp fyp softsylus,Sylus,NEGATIVE,0.9829286336898804
two daddies visits cos sihuo hnfn loveanddeepspace zayne sylus cos mc douyin xuhoung xhs fyp fypage xybca,two daddies visits cos sihuo hnfn loveanddeepspace zayne sylus cos mc douyin xuhoung xhs fyp fypage xybca,Sylus,POSITIVE,0.6589885354042053
tntiuhin tntiuhin laotan lotn qinxiaoxian victorqin tnkhiton qxxbyg bachnguyetquangcuatantieuhien ducvanxa cvnx ducvannamdoan ducvannuhai hacuuhoa dngculangcthditrquarterinninghttntiuhindngculangchumctdaisy,tntiuhin tntiuhin laotan lotn qinxiaoxian victorqin tnkhiton qxxbyg bachnguyetquangcuatantieuhien ducvanxa cvnx ducvannamdoan ducvannuhai hacuuhoa dngculangcthditrquarterinninghttntiuhindngculangchumctdaisy,Sylus,NEGATIVE,0.9769977331161499
hair things cr 2nd photo douyin sylus sylus loveanddeepspace fyp foryou otome kitten cat sylusedit loveanddeepspaceedit xyzbca hairtheory,hair things cr 2nd photo douyin sylus sylus loveanddeepspace fyp foryou otome kitten cat sylusedit loveanddeepspaceedit xyzbca hairtheory,Sylus,NEGATIVE,0.9564287662506104
rafayel rafayelloveanddeepspace rafayelcosplay loveanddeepspace lads rafayel xavier zayne sylus caleb,rafayel rafayelloveanddeepspace rafayelcosplay loveanddeepspace lads rafayel xavier zayne sylus caleb,Sylus,POSITIVE,0.8578850626945496
xinche fought life serious xinche xinche starlightboys starlightboys fyppppppppppppppppppppppp kpopfyp kpopsurvivalshow,xinche fought life serious xinche xinche starlightboys starlightboys fyppppppppppppppppppppppp kpopfyp kpopsurvivalshow,Sylus,NEGATIVE,0.9628645777702332
xinchexinche im comingwmanagement wmchangsha un24 trainee cute handsome xinche fyp fypage,xinchexinche im comingwmanagement wmchangsha un24 trainee cute handsome xinche fyp fypage,Sylus,NEGATIVE,0.9600775837898254
bunnies decorating xinche xinche hikari fantasyboys htboysstarlightboys kpopfyp kpopsurvivalshow fyppppppppppppppppppppppp,bunnies decorating xinche xinche hikari fantasyboys htboysstarlightboys kpopfyp kpopsurvivalshow fyppppppppppppppppppppppp,Sylus,NEGATIVE,0.9935355186462402
thin mnh ai th xoay chuyn vn mnh phim xuyn khng tin xem thi gian step past comaythoigian tamtanky thienmenhtoicao cothienlac tuyenhuyen gianghoa quachthienni lamphong hoainiem hoainiem8x9x trieutran9x hongnhanxua,thin mnh ai th xoay chuyn vn mnh phim xuyn khng tin xem thi gian step past comaythoigian tamtanky thienmenhtoicao cothienlac tuyenhuyen gianghoa quachthienni lamphong hoainiem hoainiem8x9x trieutran9x hongnhanxua,Sylus,NEGATIVE,0.9804214835166931
loveanddeepspace lads rafayel xavier zayne sylus caleb cosplay credit video,loveanddeepspace lads rafayel xavier zayne sylus caleb cosplay credit video,Sylus,POSITIVE,0.968791663646698
sweet xinche starlightboys china polarix bl fyp kpop survival,sweet xinche starlightboys china polarix bl fyp kpop survival,Sylus,POSITIVE,0.988804042339325
xinche polarix leejunhyuk crlogo,xinche polarix leejunhyuk crlogo,Sylus,NEGATIVE,0.972032904624939
back snowcrow loveanddeepspacezayne loveanddeepspacesylus loveanddeepspacecharacters loveanddeepspace lads loveanddeepspaceedit zayneloveanddeepspace sylusloveanddeepspace snowcrow qinche qincheloveanddeepspace lishen lishenloveanddeepspace otome otomegame otomegames,back snowcrow loveanddeepspacezayne loveanddeepspacesylus loveanddeepspacecharacters loveanddeepspace lads loveanddeepspaceedit zayneloveanddeepspace sylusloveanddeepspace snowcrow qinche qincheloveanddeepspace lishen lishenloveanddeepspace otome otomegame otomegames,Sylus,NEGATIVE,0.9434735178947449
pm,pm,Sylus,POSITIVE,0.7802751064300537
xavier sleep ill handle cooking loveanddeepspace loveanddeepspaceedit xavier rafayel zayne sylus cooking food fyp fypviral xyzbca,xavier sleep ill handle cooking loveanddeepspace loveanddeepspaceedit xavier rafayel zayne sylus cooking food fyp fypviral xyzbca,Sylus,NEGATIVE,0.9864675402641296
empressrih srx001 dancer tiktokdance live tiktoklive fyp,empressrih srx001 dancer tiktokdance live tiktoklive fyp,Sylus,POSITIVE,0.5577788352966309
easy walk arms used hold dragon days loveanddeepspace sylus,easy walk arms used hold dragon days loveanddeepspace sylus,Sylus,POSITIVE,0.8991860151290894
wangjiamo zhaomuyan xianqidance starshake carddance cdramalover douyin aktorchina shortdrama aktrischina,wangjiamo zhaomuyan xianqidance starshake carddance cdramalover douyin aktorchina shortdrama aktrischina,Sylus,NEGATIVE,0.898643434047699
bn nh nh nh thng ngy hm nay khc ri thng lm tntiuhin fyp tantieuhien lotn qinxiaoxian victorqin tnkhiton tntiuhin linhcuuhoabatbai,bn nh nh nh thng ngy hm nay khc ri thng lm tntiuhin fyp tantieuhien lotn qinxiaoxian victorqin tnkhiton tntiuhin linhcuuhoabatbai,Sylus,NEGATIVE,0.9805741906166077
big boy sylus cosplay douyinloveanddeepspace sylus handsome cosplayer fyp foryou china,big boy sylus cosplay douyinloveanddeepspace sylus handsome cosplayer fyp foryou china,Sylus,POSITIVE,0.8739944100379944
hn gp hi nhc sm chuh nam tntiuhin tntiuhin laotan lotn qinxiaoxian victorqin tnkhiton qxxbyg bachnguyetquangcuatantieuhien ducvanxa cvnx ducvannamdoan ducvannuhai hacuuhoa dngculangcthditrquarterinninghttntiuhindngculangchumkdaisy,hn gp hi nhc sm chuh nam tntiuhin tntiuhin laotan lotn qinxiaoxian victorqin tnkhiton qxxbyg bachnguyetquangcuatantieuhien ducvanxa cvnx ducvannamdoan ducvannuhai hacuuhoa dngculangcthditrquarterinninghttntiuhindngculangchumkdaisy,Sylus,NEGATIVE,0.9811744689941406
qinxiaoxian,qinxiaoxian,Sylus,POSITIVE,0.714837372303009
crqincheskitten lads loveanddeepspace sylus sylusloveanddeepspace,crqincheskitten lads loveanddeepspace sylus sylusloveanddeepspace,Sylus,NEGATIVE,0.9747894406318665
sylus loveanddeepspaceedit sylusedit ai pixel pixelart fyp,sylus loveanddeepspaceedit sylusedit ai pixel pixelart fyp,Sylus,NEGATIVE,0.987046480178833
rain rain motohirohatalnktorain makoto shinkai directors cut httpsyoutubedhdi6hhbvfqsir7hjswdojykjotje rain,rain rain motohirohatalnktorain makoto shinkai directors cut httpsyoutubedhdi6hhbvfqsir7hjswdojykjotje rain,Sylus,NEGATIVE,0.9830712676048279
istg theyre strong loveanddeepspace sylus sylusloveanddeepspace qinche shin cos douyin xuhoung xhs fyp fypage xybca,istg theyre strong loveanddeepspace sylus sylusloveanddeepspace qinche shin cos douyin xuhoung xhs fyp fypage xybca,Sylus,POSITIVE,0.83013516664505
phim trn ng dng ti xem nh caidpncom apphigh app app,phim trn ng dng ti xem nh caidpncom apphigh app app,Sylus,NEGATIVE,0.9915293455123901
jiangsu qinmo marine engineering coltd main production marine engineering ship supporting equipmentdeck machinery mooring equipment deck machinery cranes winches windlasses marine machinery offshore winch windlass crane fyp,jiangsu qinmo marine engineering coltd main production marine engineering ship supporting equipmentdeck machinery mooring equipment deck machinery cranes winches windlasses marine machinery offshore winch windlass crane fyp,Sylus,NEGATIVE,0.9595521092414856
safe flight polarix hangyul shaoziheng leejunhyuk xushihuan xinche pentor zai yangdonghwa leedaeul,safe flight polarix hangyul shaoziheng leejunhyuk xushihuan xinche pentor zai yangdonghwa leedaeul,Sylus,POSITIVE,0.8752467036247253
ng weibo hnh ng ngy vi caption dch gia ngi vi ngi iu gin nht nu bn khng vng bn khng tht vng ghi caption ru vy douyin dienvienphimngantrungquoc weibo lutchng liuxiyu,ng weibo hnh ng ngy vi caption dch gia ngi vi ngi iu gin nht nu bn khng vng bn khng tht vng ghi caption ru vy douyin dienvienphimngantrungquoc weibo lutchng liuxiyu,Sylus,NEGATIVE,0.9950254559516907
creatorsearchinsights fypviral fyp,creatorsearchinsights fypviral fyp,Sylus,NEGATIVE,0.9601477384567261
rafayel alarm clock loveanddeepspace loveanddeepspaceedit loveanddeepspacecharacters xavier rafayel zayne sylus caleb otome otomegame game,rafayel alarm clock loveanddeepspace loveanddeepspaceedit loveanddeepspacecharacters xavier rafayel zayne sylus caleb otome otomegame game,Sylus,NEGATIVE,0.5531758069992065
fighting life lmao xinche polarix kpop sillyboy fyp,fighting life lmao xinche polarix kpop sillyboy fyp,Sylus,NEGATIVE,0.9849076271057129
instagram,instagram,Sylus,NEGATIVE,0.830682098865509
tntiuhin tntiuhin laotan lotn qinxiaoxian victorqin tnkhiton qxxbyg bachnguyetquangcuatantieuhien ducvanxa cvnx ducvannamdoan ducvannuhai hacuuhoa dngculangcthditrquarterinninghttntiuhindngculangchumctdaisy,tntiuhin tntiuhin laotan lotn qinxiaoxian victorqin tnkhiton qxxbyg bachnguyetquangcuatantieuhien ducvanxa cvnx ducvannamdoan ducvannuhai hacuuhoa dngculangcthditrquarterinninghttntiuhindngculangchumctdaisy,Sylus,NEGATIVE,0.9769977331161499
handsome boys touch loveanddeepspace sylus zayne rafayel fyp,handsome boys touch loveanddeepspace sylus zayne rafayel fyp,Sylus,POSITIVE,0.9989327788352966
chch th thanh lc ni xanh khng gi nc bic cn mi cre cophongtrungquoc trungquoc vetranh mactrang chichthuthanhluc honglaumong,chch th thanh lc ni xanh khng gi nc bic cn mi cre cophongtrungquoc trungquoc vetranh mactrang chichthuthanhluc honglaumong,Sylus,NEGATIVE,0.9770535826683044
trend lliuyu trending tiktok,trend lliuyu trending tiktok,Sylus,NEGATIVE,0.7738654017448425
